CREATE DATABASE  IF NOT EXISTS `optraj_bdd` /*!40100 DEFAULT CHARACTER SET latin1 */;
USE `optraj_bdd`;
-- MySQL dump 10.13  Distrib 5.5.37, for debian-linux-gnu (x86_64)
--
-- Host: 127.0.0.1    Database: optraj_bdd
-- ------------------------------------------------------
-- Server version	5.5.37-0ubuntu0.12.04.1

/*!40101 SET @OLD_CHARACTER_SET_CLIENT=@@CHARACTER_SET_CLIENT */;
/*!40101 SET @OLD_CHARACTER_SET_RESULTS=@@CHARACTER_SET_RESULTS */;
/*!40101 SET @OLD_COLLATION_CONNECTION=@@COLLATION_CONNECTION */;
/*!40101 SET NAMES utf8 */;
/*!40103 SET @OLD_TIME_ZONE=@@TIME_ZONE */;
/*!40103 SET TIME_ZONE='+00:00' */;
/*!40014 SET @OLD_UNIQUE_CHECKS=@@UNIQUE_CHECKS, UNIQUE_CHECKS=0 */;
/*!40014 SET @OLD_FOREIGN_KEY_CHECKS=@@FOREIGN_KEY_CHECKS, FOREIGN_KEY_CHECKS=0 */;
/*!40101 SET @OLD_SQL_MODE=@@SQL_MODE, SQL_MODE='NO_AUTO_VALUE_ON_ZERO' */;
/*!40111 SET @OLD_SQL_NOTES=@@SQL_NOTES, SQL_NOTES=0 */;

--
-- Table structure for table `ASSIGNMENT`
--

DROP TABLE IF EXISTS `ASSIGNMENT`;
/*!40101 SET @saved_cs_client     = @@character_set_client */;
/*!40101 SET character_set_client = utf8 */;
CREATE TABLE `ASSIGNMENT` (
  `ID` int(10) unsigned NOT NULL AUTO_INCREMENT,
  `ID_PHASE` int(10) unsigned NOT NULL,
  `ID_WORKER` int(10) unsigned NOT NULL,
  PRIMARY KEY (`ID`),
  KEY `FK_ASSIGNMENT_ID_PHASE` (`ID_PHASE`),
  KEY `FK_ASSIGNMENT_ID_WORKER` (`ID_WORKER`),
  CONSTRAINT `FK_ASSIGNMENT_ID_PHASE` FOREIGN KEY (`ID_PHASE`) REFERENCES `PHASE` (`ID`) ON DELETE CASCADE,
  CONSTRAINT `FK_ASSIGNMENT_ID_WORKER` FOREIGN KEY (`ID_WORKER`) REFERENCES `WORKER` (`ID`) ON DELETE CASCADE
) ENGINE=InnoDB AUTO_INCREMENT=1137 DEFAULT CHARSET=utf8;
/*!40101 SET character_set_client = @saved_cs_client */;

--
-- Dumping data for table `ASSIGNMENT`
--

LOCK TABLES `ASSIGNMENT` WRITE;
/*!40000 ALTER TABLE `ASSIGNMENT` DISABLE KEYS */;
INSERT INTO `ASSIGNMENT` VALUES (1,42,191),(2,43,191),(3,44,191),(4,45,191),(5,46,191),(6,47,191),(7,48,191),(8,49,191),(9,50,191),(10,51,191),(11,52,191),(12,53,85),(13,54,85),(14,55,85),(15,56,85),(16,57,85),(17,58,85),(18,59,85),(19,60,85),(20,61,85),(21,62,85),(22,63,85),(23,64,1),(24,65,1),(25,66,1),(26,67,1),(27,68,1),(28,69,1),(29,70,1),(30,71,1),(31,72,1),(32,73,1),(33,74,1),(34,75,177),(35,76,177),(36,77,177),(37,78,177),(38,79,177),(39,80,177),(40,64,261),(41,65,261),(42,66,261),(43,67,261),(44,68,261),(45,69,261),(46,70,261),(47,71,261),(48,72,261),(49,73,261),(50,74,261),(51,64,102),(52,65,102),(53,66,102),(54,67,102),(55,68,102),(56,69,102),(57,70,102),(58,71,102),(59,72,102),(60,73,102),(61,74,102),(62,81,221),(63,82,221),(64,83,221),(65,84,221),(66,85,221),(67,86,221),(68,87,221),(69,88,221),(70,89,221),(71,90,221),(72,91,221),(73,92,147),(74,93,147),(75,94,147),(76,95,147),(77,46,147),(78,47,147),(79,48,147),(80,49,147),(81,50,147),(82,51,147),(83,52,147),(84,42,12),(85,43,12),(86,96,14),(87,97,14),(88,98,14),(89,99,14),(90,100,14),(91,81,234),(92,82,234),(93,83,234),(94,84,234),(95,85,234),(96,86,234),(97,87,234),(98,88,234),(99,89,234),(100,90,234),(101,91,234),(102,43,113),(103,44,113),(104,45,113),(105,46,113),(106,47,113),(107,48,113),(108,49,113),(109,50,113),(110,51,113),(111,52,113),(112,96,22),(113,97,22),(114,98,22),(115,99,22),(116,100,22),(117,101,22),(123,92,202),(124,93,202),(125,94,202),(126,95,202),(127,46,202),(128,47,202),(129,48,202),(130,49,202),(131,50,202),(132,51,202),(133,52,202),(134,92,28),(135,93,28),(136,94,28),(137,53,33),(138,54,33),(139,55,33),(140,56,33),(141,57,33),(142,58,33),(143,107,33),(144,108,33),(145,109,33),(146,110,33),(147,111,33),(148,75,34),(149,76,34),(150,77,34),(151,53,35),(152,54,35),(153,55,35),(154,56,35),(155,57,35),(156,58,35),(157,59,35),(158,60,35),(159,61,35),(160,62,35),(161,63,35),(162,75,36),(163,76,36),(164,77,36),(165,78,36),(166,79,36),(167,80,36),(168,96,101),(169,97,101),(170,64,39),(171,65,39),(172,66,39),(173,67,39),(174,68,39),(175,69,39),(176,70,39),(177,71,39),(178,72,39),(179,73,39),(180,74,39),(181,64,250),(182,65,250),(183,66,250),(184,67,250),(185,68,250),(186,69,250),(187,70,250),(188,71,250),(189,72,250),(190,73,250),(191,74,250),(192,96,116),(193,97,116),(194,98,116),(195,99,116),(196,100,116),(197,101,116),(198,102,116),(199,112,148),(200,113,148),(201,114,148),(202,115,148),(203,116,148),(204,117,148),(205,59,148),(206,60,148),(207,61,148),(208,75,46),(209,76,46),(210,77,46),(211,78,46),(212,79,46),(213,80,46),(214,92,47),(215,93,47),(216,94,47),(217,95,47),(218,116,47),(219,117,47),(220,59,47),(221,60,47),(222,61,47),(223,62,47),(224,63,47),(225,53,141),(226,54,141),(227,55,141),(228,56,141),(229,57,141),(230,58,141),(231,107,141),(232,108,141),(233,109,141),(234,110,141),(235,111,141),(236,96,95),(237,97,95),(238,98,95),(239,99,95),(240,100,95),(241,64,180),(242,65,180),(243,66,180),(244,67,180),(245,68,180),(246,69,180),(247,70,180),(248,71,180),(249,72,180),(250,73,180),(251,74,180),(252,92,109),(253,93,109),(254,94,109),(255,95,109),(256,46,109),(257,47,109),(258,48,109),(259,49,109),(260,50,109),(261,51,109),(262,52,109),(263,82,50),(264,83,50),(265,84,50),(266,85,50),(267,86,50),(268,87,50),(269,88,50),(270,89,50),(271,90,50),(272,91,50),(273,53,49),(274,54,49),(275,55,49),(276,56,49),(277,57,49),(278,58,49),(279,107,49),(280,108,49),(281,109,49),(282,110,49),(283,111,49),(284,64,53),(285,65,53),(286,66,53),(287,67,53),(288,68,53),(289,69,53),(290,70,53),(291,71,53),(292,72,53),(293,73,53),(294,74,53),(295,96,122),(296,97,122),(297,98,122),(298,99,122),(299,100,122),(300,101,122),(301,102,122),(302,64,59),(303,65,59),(304,66,59),(305,67,59),(306,68,59),(307,69,59),(308,70,59),(309,71,59),(310,72,59),(311,73,59),(312,112,60),(313,113,60),(314,114,60),(315,115,60),(316,116,60),(317,117,60),(318,59,60),(319,60,60),(320,61,60),(321,62,60),(322,63,60),(323,96,64),(324,97,64),(325,98,64),(326,99,64),(327,100,64),(328,92,65),(329,93,65),(330,94,65),(331,95,65),(332,46,65),(333,47,65),(334,48,65),(335,49,65),(336,50,65),(337,51,65),(338,52,65),(339,96,257),(340,97,257),(341,98,257),(342,99,257),(343,100,257),(344,96,91),(345,97,91),(346,98,91),(347,99,91),(348,100,91),(349,64,67),(350,65,67),(351,66,67),(352,67,67),(353,68,67),(354,69,67),(355,70,67),(356,71,67),(357,72,67),(358,73,67),(359,74,67),(360,81,132),(361,82,132),(362,83,132),(363,84,132),(364,85,132),(365,86,132),(366,48,132),(367,49,132),(368,50,132),(369,51,132),(370,52,132),(371,81,71),(372,82,71),(373,83,71),(374,84,71),(375,85,71),(376,86,71),(377,87,71),(378,88,71),(379,89,71),(380,90,71),(381,91,71),(382,81,73),(383,82,73),(384,83,73),(385,84,73),(386,85,73),(387,86,73),(388,87,73),(389,88,73),(390,89,73),(391,90,73),(392,91,73),(393,96,254),(394,97,254),(395,98,254),(396,99,254),(397,100,254),(398,64,78),(399,65,78),(400,66,78),(401,67,78),(402,68,78),(403,69,78),(404,70,78),(405,71,78),(406,72,78),(407,73,78),(408,74,78),(409,96,278),(410,97,278),(411,98,278),(412,99,278),(413,100,278),(414,92,217),(415,93,217),(416,94,217),(417,95,217),(418,46,217),(419,47,217),(420,48,217),(421,49,217),(422,50,217),(423,51,217),(424,52,217),(425,112,94),(426,113,94),(427,114,94),(428,115,94),(429,116,94),(430,117,94),(431,59,94),(432,60,94),(433,61,94),(434,62,94),(435,63,94),(436,96,189),(437,97,189),(438,98,189),(439,99,189),(440,100,189),(441,96,99),(442,97,99),(443,98,99),(444,99,99),(445,100,99),(446,92,110),(447,93,110),(448,94,110),(449,95,110),(450,118,110),(451,119,110),(452,59,110),(453,60,110),(454,61,110),(455,62,110),(456,63,110),(457,112,175),(458,113,175),(459,114,175),(460,115,175),(461,116,175),(468,81,249),(469,82,249),(470,83,249),(471,84,249),(472,85,249),(473,86,249),(474,87,249),(475,88,249),(476,89,249),(477,90,249),(478,91,249),(479,75,190),(480,76,190),(481,77,190),(482,78,190),(483,79,190),(484,80,190),(485,120,50),(486,120,96),(487,121,96),(488,122,96),(489,123,96),(490,124,96),(491,125,96),(492,126,96),(493,127,96),(494,128,96),(495,129,96),(496,130,96),(497,131,192),(498,132,192),(499,133,192),(500,134,192),(501,135,192),(502,136,192),(503,137,192),(504,138,192),(505,139,192),(506,140,192),(507,141,192),(508,131,193),(509,132,193),(510,133,193),(511,134,193),(512,135,193),(513,136,193),(514,137,193),(515,138,193),(516,139,193),(517,140,193),(518,141,193),(519,131,136),(520,132,136),(521,133,136),(522,134,136),(523,135,136),(524,136,136),(525,137,136),(526,138,136),(527,139,136),(528,140,136),(529,141,136),(530,131,107),(531,132,107),(532,133,107),(533,134,107),(534,135,107),(535,136,107),(536,137,107),(537,138,107),(538,139,107),(539,140,107),(540,141,107),(541,131,170),(542,132,170),(543,133,170),(544,134,170),(545,135,170),(546,136,170),(547,137,170),(548,138,170),(549,139,170),(550,140,170),(551,141,170),(552,131,194),(553,132,194),(554,133,194),(555,134,194),(556,135,194),(557,136,194),(558,137,194),(559,138,194),(560,139,194),(561,140,194),(562,141,194),(563,131,127),(564,132,127),(565,133,127),(566,134,127),(567,135,127),(568,136,127),(569,137,127),(570,138,127),(571,139,127),(572,140,127),(573,141,127),(574,131,279),(575,132,279),(576,133,279),(577,134,279),(578,135,279),(579,136,279),(580,137,279),(581,138,279),(582,139,279),(583,140,279),(584,141,279),(585,131,131),(586,132,131),(587,133,131),(588,134,131),(589,135,131),(590,136,131),(591,137,131),(592,138,131),(593,139,131),(594,140,131),(595,141,131),(596,131,125),(597,132,125),(598,133,125),(599,134,125),(600,135,125),(601,136,125),(602,137,125),(603,138,125),(604,139,125),(605,140,125),(606,141,125),(607,131,114),(608,132,114),(609,133,114),(610,134,114),(611,135,114),(612,136,114),(613,137,114),(614,138,114),(615,139,114),(616,140,114),(617,141,114),(618,131,26),(619,132,26),(620,133,26),(621,134,26),(622,135,26),(623,136,26),(624,137,26),(625,138,26),(626,139,26),(627,140,26),(628,141,26),(629,131,29),(630,132,29),(631,133,29),(632,134,29),(633,135,29),(634,136,29),(635,137,29),(636,138,29),(637,139,29),(638,140,29),(639,141,29),(640,131,31),(641,132,31),(642,133,31),(643,134,31),(644,135,31),(645,136,31),(646,137,31),(647,138,31),(648,139,31),(649,140,31),(650,141,31),(651,131,124),(652,132,124),(653,133,124),(654,134,124),(655,135,124),(656,136,124),(657,137,124),(658,138,124),(659,139,124),(660,140,124),(661,141,124),(662,131,41),(663,132,41),(664,133,41),(665,134,41),(666,135,41),(667,136,41),(668,137,41),(669,138,41),(670,139,41),(671,140,41),(672,141,41),(673,131,45),(674,132,45),(675,133,45),(676,134,45),(677,135,45),(678,136,45),(679,137,45),(680,138,45),(681,139,45),(682,140,45),(683,141,45),(684,131,207),(685,132,207),(686,133,207),(687,134,207),(688,135,207),(689,136,207),(690,137,207),(691,131,182),(692,132,182),(693,133,182),(694,134,182),(695,135,182),(696,136,182),(697,137,182),(698,138,182),(699,139,182),(700,140,182),(701,141,182),(702,131,162),(703,132,162),(704,133,162),(705,134,162),(706,135,162),(707,136,162),(708,137,162),(709,138,162),(710,139,162),(711,140,162),(712,141,162),(713,131,155),(714,132,155),(715,133,155),(716,134,155),(717,135,155),(718,136,155),(719,137,155),(720,138,155),(721,139,155),(722,140,155),(723,141,155),(724,131,264),(725,132,264),(726,133,264),(727,134,264),(728,135,264),(729,136,264),(730,137,264),(731,138,264),(732,139,264),(733,140,264),(734,141,264),(735,131,72),(736,132,72),(737,133,72),(738,134,72),(739,135,72),(740,136,72),(741,137,72),(742,138,72),(743,139,72),(744,140,72),(745,141,72),(746,131,117),(747,132,117),(748,133,117),(749,134,117),(750,135,117),(751,136,117),(752,137,117),(753,138,117),(754,139,117),(755,140,117),(756,141,117),(757,142,8),(758,143,8),(759,144,8),(760,145,8),(761,146,8),(762,147,8),(763,148,8),(764,143,99),(765,144,99),(766,145,99),(767,146,99),(768,147,99),(769,148,99),(770,149,251),(771,150,251),(772,151,251),(773,152,251),(774,153,251),(775,154,251),(776,155,251),(777,156,251),(778,157,251),(779,158,251),(780,159,251),(781,149,220),(782,150,220),(783,151,220),(784,152,220),(785,153,220),(786,154,220),(787,155,220),(788,156,220),(789,157,220),(790,158,220),(791,159,220),(792,149,224),(793,150,224),(794,151,224),(795,152,224),(796,153,224),(797,154,224),(798,155,224),(799,156,224),(800,157,224),(801,158,224),(802,159,224),(803,149,225),(804,150,225),(805,151,225),(806,152,225),(807,153,225),(808,154,225),(809,155,225),(810,156,225),(811,157,225),(812,158,225),(813,159,225),(814,149,233),(815,150,233),(816,151,233),(817,152,233),(818,153,233),(819,154,233),(820,155,233),(821,156,233),(822,157,233),(823,158,233),(824,159,233),(825,149,235),(826,150,235),(827,151,235),(828,152,235),(829,153,235),(830,154,235),(831,155,235),(832,156,235),(833,157,235),(834,158,235),(835,159,235),(836,149,226),(837,150,226),(838,151,226),(839,152,226),(840,153,226),(841,154,226),(842,155,226),(843,156,226),(844,157,226),(845,158,226),(846,159,226),(847,149,277),(848,150,277),(849,151,277),(850,152,277),(851,153,277),(852,154,277),(853,155,277),(854,156,277),(855,157,277),(856,158,277),(857,159,277),(858,149,222),(859,150,222),(860,151,222),(861,152,222),(862,153,222),(863,154,222),(864,155,222),(865,156,222),(866,157,222),(867,158,222),(868,159,222),(869,149,223),(870,150,223),(871,151,223),(872,152,223),(873,153,223),(874,154,223),(875,155,223),(876,156,223),(877,157,223),(878,158,223),(879,159,223),(880,53,256),(881,54,256),(882,55,256),(883,56,256),(884,57,256),(885,58,256),(886,59,256),(887,60,256),(888,61,256),(889,62,256),(890,63,256),(891,149,241),(892,150,241),(893,151,241),(894,152,241),(895,153,241),(896,154,241),(897,155,241),(898,156,241),(899,157,241),(900,158,241),(901,159,241),(902,149,245),(903,150,245),(904,151,245),(905,152,245),(906,153,245),(907,154,245),(908,155,245),(909,156,245),(910,157,245),(911,158,245),(912,159,245),(913,149,246),(914,150,246),(915,151,246),(916,152,246),(917,153,246),(918,154,246),(919,155,246),(920,156,246),(921,157,246),(922,158,246),(923,159,246),(924,149,247),(925,150,247),(926,151,247),(927,152,247),(928,153,247),(929,154,247),(930,155,247),(931,156,247),(932,157,247),(933,158,247),(934,159,247),(935,149,228),(936,150,228),(937,151,228),(938,152,228),(939,153,228),(940,154,228),(941,155,228),(942,156,228),(943,157,228),(944,158,228),(945,159,228),(946,149,240),(947,150,240),(948,151,240),(949,152,240),(950,153,240),(951,154,240),(952,155,240),(953,156,240),(954,157,240),(955,158,240),(956,159,240),(957,149,237),(958,150,237),(959,151,237),(960,152,237),(961,153,237),(962,154,237),(963,155,237),(964,156,237),(965,157,237),(966,158,237),(967,159,237),(968,149,229),(969,150,229),(970,151,229),(971,152,229),(972,153,229),(973,154,229),(974,155,229),(975,156,229),(976,157,229),(977,158,229),(978,159,229),(979,96,111),(980,97,111),(981,98,111),(982,99,111),(983,100,111),(984,149,242),(985,150,242),(986,151,242),(987,152,242),(988,153,242),(989,154,242),(990,155,242),(991,156,242),(992,157,242),(993,158,242),(994,159,242),(995,149,230),(996,150,230),(997,151,230),(998,152,230),(999,153,230),(1000,154,230),(1001,155,230),(1002,156,230),(1003,157,230),(1004,158,230),(1005,159,230),(1006,149,238),(1007,150,238),(1008,151,238),(1009,152,238),(1010,153,238),(1011,154,238),(1012,155,238),(1013,156,238),(1014,157,238),(1015,158,238),(1016,159,238),(1017,149,244),(1018,150,244),(1019,151,244),(1020,152,244),(1021,153,244),(1022,154,244),(1023,155,244),(1024,156,244),(1025,157,244),(1026,158,244),(1027,159,244),(1028,149,243),(1029,150,243),(1030,151,243),(1031,152,243),(1032,153,243),(1033,154,243),(1034,155,243),(1035,156,243),(1036,157,243),(1037,158,243),(1038,159,243),(1039,149,236),(1040,150,236),(1041,151,236),(1042,152,236),(1043,153,236),(1044,154,236),(1045,155,236),(1046,156,236),(1047,157,236),(1048,158,236),(1049,159,236),(1050,131,83),(1051,132,83),(1052,133,83),(1053,134,83),(1054,135,83),(1055,136,83),(1056,137,83),(1057,138,83),(1058,139,83),(1059,140,83),(1060,141,83),(1061,149,231),(1062,150,231),(1063,151,231),(1064,152,231),(1065,153,231),(1066,154,231),(1067,155,231),(1068,156,231),(1069,157,231),(1070,158,231),(1071,159,231),(1072,160,22),(1073,161,22),(1074,162,22),(1075,163,22),(1076,164,22),(1077,161,116),(1078,162,116),(1079,163,116),(1080,164,116),(1081,161,207),(1082,162,207),(1083,163,207),(1084,164,207),(1085,165,95),(1086,160,95),(1087,161,95),(1088,162,95),(1089,163,95),(1090,164,95),(1091,161,122),(1092,162,122),(1093,163,122),(1094,164,122),(1095,165,64),(1096,160,64),(1097,161,64),(1098,162,64),(1099,163,64),(1100,164,64),(1101,165,257),(1102,160,257),(1103,161,257),(1104,162,257),(1105,163,257),(1106,164,257),(1107,165,91),(1108,160,91),(1109,161,91),(1110,162,91),(1111,163,91),(1112,164,91),(1113,165,111),(1114,160,111),(1115,161,111),(1116,162,111),(1117,163,111),(1118,164,111),(1119,165,254),(1120,160,254),(1121,161,254),(1122,162,254),(1123,163,254),(1124,164,254),(1125,165,278),(1126,160,278),(1127,161,278),(1128,162,278),(1129,163,278),(1130,164,278),(1131,165,189),(1132,160,189),(1133,161,189),(1134,162,189),(1135,163,189),(1136,164,189);
/*!40000 ALTER TABLE `ASSIGNMENT` ENABLE KEYS */;
UNLOCK TABLES;

--
-- Table structure for table `CAR`
--

DROP TABLE IF EXISTS `CAR`;
/*!40101 SET @saved_cs_client     = @@character_set_client */;
/*!40101 SET character_set_client = utf8 */;
CREATE TABLE `CAR` (
  `ID` int(10) unsigned NOT NULL AUTO_INCREMENT,
  `PLATE` varchar(30) NOT NULL,
  `MODEL` varchar(30) NOT NULL,
  `NB_PLACE` int(10) unsigned NOT NULL,
  PRIMARY KEY (`ID`)
) ENGINE=InnoDB AUTO_INCREMENT=236 DEFAULT CHARSET=utf8;
/*!40101 SET character_set_client = @saved_cs_client */;

--
-- Dumping data for table `CAR`
--

LOCK TABLES `CAR` WRITE;
/*!40000 ALTER TABLE `CAR` DISABLE KEYS */;
INSERT INTO `CAR` VALUES (1,'5879XT35','MAN',2),(2,'AX-267-WN','A4',5),(3,'472YE35','Berlingo \'600\' XUD9)',2),(4,'3186VV56','Berlingo \'600\' XUD9)',2),(5,'5963YK35','Berlingo  \'600\' XUD7)',2),(6,'2891YS35','Berlingo  \'800\' DW8)',2),(7,'2892YS35','Berlingo  \'800\' DW8)',2),(8,'2125YX35','Berlingo \'600\' DW8)',2),(9,'433YY35','Berlingo \'600\' DW8)',2),(10,'464ZB35','Berlingo \'600\'',2),(11,'3752ZH35','Berlingo \'600\' DW8)',2),(12,'3222ZJ35','Berlingo \'600\' DW8)',2),(13,'898ACP35','Berlingo II \'600\'',2),(14,'639ADN35','Berlingo II \'600\' DW8)',2),(15,'197AEF35','Berlingo II \'600\' DW8)',2),(16,'867AES35','Berlingo II \'600\' DW8)',2),(17,'161AGL35','Berlingo II \'600\'',2),(18,'160AGL35','Berlingo II \'600\'',2),(19,'923AKT35','Berlingo II \'600\'',2),(20,'493APT35','Berlingo II \'600\' DW8)',2),(21,'BP-571-PE','Berlingo II \'600\'',2),(22,'BX-026-HE','Berlingo III',3),(23,'CC-010-DP','Berlingo III',2),(24,'BS-628-XW','Berlingo II \'600\'',2),(25,'BP-363-QX','Berlingo III',2),(26,'BP-438-PG','Berlingo III',2),(27,'AA-428-YS','Berlingo II \'600\'',2),(28,'AC-883-QL','Berlingo III',2),(29,'AC-862-RG','Berlingo II \'600\'',2),(30,'AD-594-JJ','Berlingo III',2),(31,'AL-101-KC','Berlingo II \'600\'',2),(32,'AL-372-NQ','Berlingo III',2),(33,'AL-109-NQ','Berlingo III',2),(34,'AL-675-XF','Berlingo',5),(35,'AL-736-XF','Berlingo',5),(36,'AS-585-HJ','Berlingo III',2),(37,'BH-644-BW','Berlingo III',2),(38,'BH-641-BW','Berlingo III',2),(39,'BH-612-BW','Berlingo III',2),(40,'BH-410-NM','Berlingo',5),(41,'BH-126-ZC','Berlingo III  ',2),(42,'CB-615-YW','Berlingo II \'800\'',2),(43,'DC-967-YP','C1',2),(44,'DD-243-BY','C1',2),(45,'7797XR35','C15',5),(46,'936AWA35','C2',2),(47,'318ABF35','C3',2),(48,'467ABG35','C3',2),(49,'291ACL35','C3',2),(50,'919AEY35','C3',2),(51,'690AYL35','C3',2),(52,'727AFZ35','C3',2),(53,'877AJP35','C3',2),(54,'889APX35','C3 II',2),(55,'242APY35','C3 II',2),(56,'BP-299-NJ','C3 II',2),(57,'BT-019-HJ','C3 II',2),(58,'DB-451-AC','C3 II DURISOTTI',2),(59,'DB-252-AC','C3 II',2),(60,'AB-139-QY','C3 II',2),(61,'AC-876-PC','C3 II',2),(62,'AE-444-WB','C3 II',2),(63,'AJ-399-TB','C3 II',2),(64,'AJ-441-YL','C3 II',2),(65,'AR-320-RH','C3 II',2),(66,'AR-227-RH','C3 II',2),(67,'AR-435-RH','C3 II',2),(68,'AR-694-ZT','C3 II A51) entreprise 5 porte',2),(69,'BB-270-EF','C3 PICASSO airdream confort',2),(70,'BC-575-CM','C3 II',2),(71,'BN-285-AV','C3 PICASSO Confort entreprise',2),(72,'BN-616-VN','C3 PICASSO Confort entreprise',2),(73,'BQ-692-FP','C3 PICASSO Confort entreprise',2),(74,'CE-582-QG','C3 II Business 1.4HDI 70 FAP',5),(75,'BQ-136-SF','C4 3ptes)',2),(76,'CA-914-BN','C4 3ptes)',2),(77,'BR-882-TJ','C4 1.6L HDI 92cv DV6ATED4)',5),(78,'404BBE35','C4 3ptes)',2),(79,'141BBS35','C4 3PTES DV6ATED4)',2),(80,'CY-606-NP','C4 HDI 92 AIRDREAM Confort ',5),(81,'AB-274-QX','C4 1.6L HDI 92 DV6ATED4)',5),(82,'AD-034-JS','C4 1.6L HDI 92 DV6ATED4)',5),(83,'AE-973-JR','C4 5PTES',2),(84,'AM-321-FC','C4 1.6L HDI 92 DV6ATED4)',5),(85,'CQ-182-NB','C4 HDI 90 Business DV6ATED4)',5),(86,'CQ-986-NB','C4 HDI 90 Business DV6ATED4)',5),(87,'CQ-668-NA','C4 HDI 90 Business DV6ATED4)',5),(88,'689AXG35','C4 PICASSO 1.6 HDI 110 Fap DV',5),(89,'AR-623-YS','C4 PICASSO 1.6 HDI 110 Fap DV',5),(90,'AV-747-NR','C4 PICASSO 1.6L HDI 110 Fap Br',7),(91,'BK-627-HR','C4 PICASSO BREAK DV6C) BVMP6',7),(92,'8216ZS35','C5 2.0L HDI 110 DW10ATED)',5),(93,'217BCH35','C5 1.6L HDI 110 Fap TOURER X7',5),(94,'350BCV35','C5 1.6L HDI 110 Fap TOURER X7',5),(95,'BJ-951-QP','C5 2.0L HDI 138 Fap X7)  BVM',5),(96,'CF-241-ZR','C5 2.0L HDI 138 Fap 16S 140cv',5),(97,'6804ZR35','Jumper benne',7),(98,'7221YZ35','Jumper',3),(99,'7452VV56','Jumper',6),(100,'7663YE35','Jumper ',9),(101,'5965YK35','Jumper I',3),(102,'3479YW35','Jumper',3),(103,'8396ZF35','Jumper ',3),(104,'8378ZF35','Jumper',3),(105,'7284ZM35','Jumper',3),(106,'2963ZR35','Jumper',3),(107,'8302ZV35','Jumper II',2),(108,'4013ZX35','Jumper II',3),(109,'5453ZY35','Jumper ',9),(110,'2382XE56','Jumper II',3),(111,'251AAX35','Jumper II',3),(112,'9379XH56','Jumper II',7),(113,'955ASL35','Jumper II',3),(114,'179AED35','Jumper II',3),(115,'723AFG35','Jumper',3),(116,'724AFG35','Jumper II',3),(117,'84AFH35','Jumper II',3),(118,'196AFJ35','Jumper II',3),(119,'140AFK35','Jumper II',3),(120,'182AFN35','Jumper II',3),(121,'231AFZ35','Jumper II',3),(122,'321AGM35','Jumper II',3),(123,'904AHT35','Jumper II',3),(124,'BS-809-BB','Jumper II',3),(125,'339AMV35','Jumper II',3),(126,'578ASJ35','Jumper II',3),(127,'CS-170-WR','Jumper III',3),(128,'266WK56','Jumpy',3),(129,'988ZP35','Jumpy',3),(130,'637ADN35','Jumpy',6),(131,'820ADW35','Jumpy',3),(132,'785AFK35','Jumpy',6),(133,'675AER35','Jumpy',3),(134,'672AFB35','Jumpy',6),(135,'787AFK35','Jumpy',6),(136,'985AFP35','Jumpy',6),(137,'146AFS35','Jumpy',6),(138,'CL-899-ZV 48AFT35)','Jumpy',3),(139,'227AGV35','Jumpy',6),(140,'CX-752-RA 139CHW44)','Jumpy',3),(141,'752AJT35','Jumpy',3),(142,'748AJT35','Jumpy',3),(143,'749AJT35','Jumpy',6),(144,'91AKZ35','Jumpy',5),(145,'AW-548-LZ','Jumpy',6),(146,'429ALB35','Jumpy',6),(147,'186ALC35','Jumpy',3),(148,'804ANL35','Jumpy',6),(149,'662ANM35','Jumpy',6),(150,'917ANX35','Jumpy',3),(151,'24AWA35','Jumpy',6),(152,'AD-392-EE','Jumpy',6),(153,'AM-925-BE','Jumpy III',3),(154,'BB-810-FB','Jumpy III',6),(155,'BG-721-VF','Jumpy III',3),(156,'CC-490-CP','Jumpy III',3),(157,'332ASM35','Xsara Picasso 1.6L HDI 92',5),(158,'911ASW35','Xsara Picasso 1.6L HDI 92',5),(159,'908BAD35','Xsara Picasso 1.6L HDI 92',5),(160,'907BAD35','Xsara Picasso 1.6L HDI 92',5),(161,'5964YK35','Saxo',2),(162,'9643YY35','Saxo',2),(163,'894ZA35','Saxo',2),(164,'2663ZQ35','Saxo',2),(165,'2662ZQ35','Saxo',2),(166,'106AWD35','Saxo',2),(167,'275AWJ35','Saxo',2),(168,'CX-238-KA 657BZX44)','Saxo',2),(169,'457AVD35','Saxo 3 Portes)',2),(170,'694ACM35','Saxo',2),(171,'719ACX35','Saxo',2),(172,'8606ZH35','Xsara',2),(173,'8163WG56','Xsara',2),(174,'1619ZJ35','Xsara',2),(175,'3730ZS35','Xsara II',2),(176,'1826YC35','ZX',2),(177,'1825YC35','ZX',2),(178,'9076ZC35','TRANSIT',3),(179,'2141WP56','TRANSIT',6),(180,'2185YD35','308',3),(181,'4898XB35','410',3),(182,'2868TZ56','410',3),(183,'3229YD35','SPRINTER',8),(184,'3267YV35','SPRINTER',3),(185,'CN-400-LP 4730YW35)','PRINTER',3),(186,'110ZN35','SPRINTER',9),(187,'674AXJ35','SPRINTER',3),(188,'8177ZZ35','VITO',3),(189,'536BBH35','CANTER MITSUBISHI',3),(190,'CX-555-RA 127BKW44)','MOVANO',3),(191,'CY-542-PC 339BQC44)','MOVANO',3),(192,'DA-782-GV 374BKN44)','IVARO',3),(193,'CY-556-PC 504BRH44)','VIVARO',3),(194,'CF-861-PD 3388XQ35)','307 HDI',7),(195,'CX-722-RA 635BGZ44)','307 HDI',2),(196,'CX-701-RA 755BSE44)','307 HDI',2),(197,'308ASZ35','07',5),(198,'CX-574-RA 602AJH44)','Boxer',2),(199,'368AFC35','Boxer',3),(200,'CY-487-PC 503BJF44)','Boxer',3),(201,'CY-575-PC 208BKB44)','Boxer',3),(202,'341ANX35','Boxer',3),(203,'2148YE56','Boxer II',3),(204,'CD-425-AN','Boxer',3),(205,'3012XW35','Expert',3),(206,'495 ATK 35','Expert',6),(207,'319ABR35','PARTNER',2),(208,'229ANX35','PARTNER',2),(209,'511YY35','CLIO',2),(210,'CD-736-KC 922AMT35)','CLIO',2),(211,'CN-454-LP 921AMT35)','CLIO II',2),(212,'510YY35','EXPRESS',5),(213,'CF-581-PJ 643ATG35)','KANGOO',2),(214,'CF-632-PJ 952AMT35)','MASTER',3),(215,'CN-427-LP 8318ZQ35)','MASTER',3),(216,'CY-433-VQ 978AXP44)','MASCOTT',3),(217,'CY-087-XW','MASCOTT',3),(218,'CF-612-PJ 1320XZ35)','SCUDO',2),(219,'CD-687-KC 8527XZ35)','SCUDO',5),(220,'CJ-391-DE 6802ZW35)','DOBLO',2),(221,'CL-919-ZV 206BAT35)','DOBLO',2),(222,'CL-907-ZV 929BBS35)','DOBLO',2),(223,'AV-137-FE','DUCATO',9),(224,'AV-834-FE','DUCATO',9),(225,'AV-168-JV','DUCATO',9),(226,'AV-610-JX','DUCATO',9),(227,'479WM56','DAILY II 2',5),(228,'CN-537-WD 465ZM35)','DAILY 35C9',3),(229,'CX-655-RA 480AGD44)','IVECO',3),(230,'AR-656-JC','IVECO',7),(231,'CY-036-NW 479CEN44)','IVECO',3),(232,'CY-023-NW 488CEN44)','IVECO',3),(233,'AA-953-WQ','IVECO',3),(234,'AA-981-WQ','IVECO',3),(235,'BJ-244-SB','IVECO',3);
/*!40000 ALTER TABLE `CAR` ENABLE KEYS */;
UNLOCK TABLES;

--
-- Table structure for table `CONSUMER`
--

DROP TABLE IF EXISTS `CONSUMER`;
/*!40101 SET @saved_cs_client     = @@character_set_client */;
/*!40101 SET character_set_client = utf8 */;
CREATE TABLE `CONSUMER` (
  `ID` int(10) unsigned NOT NULL AUTO_INCREMENT,
  `LOGIN` varchar(30) NOT NULL,
  `PWD` varchar(100) NOT NULL,
  `LVL` int(10) unsigned NOT NULL,
  `FIRSTNAME` varchar(30) NOT NULL,
  `NAME` varchar(30) NOT NULL,
  PRIMARY KEY (`ID`),
  UNIQUE KEY `login_unicity` (`LOGIN`)
) ENGINE=InnoDB AUTO_INCREMENT=6 DEFAULT CHARSET=utf8;
/*!40101 SET character_set_client = @saved_cs_client */;

--
-- Dumping data for table `CONSUMER`
--

LOCK TABLES `CONSUMER` WRITE;
/*!40000 ALTER TABLE `CONSUMER` DISABLE KEYS */;
INSERT INTO `CONSUMER` VALUES (1,'vcollin','21232f297a57a5a743894a0e4a801fc3',3,'Vincent','Collin'),(2,'lgicquel','5f4dcc3b5aa765d61d8327deb882cf99',1,'Lionel','Gicquel'),(3,'mdugenou','5f4dcc3b5aa765d61d8327deb882cf99',2,'Maurice','Dugenoux'),(4,'gdupain','5f4dcc3b5aa765d61d8327deb882cf99',2,'Gérard','Dupain'),(5,'admin','21232f297a57a5a743894a0e4a801fc3',3,'Super','User');
/*!40000 ALTER TABLE `CONSUMER` ENABLE KEYS */;
UNLOCK TABLES;

--
-- Table structure for table `CRAFT`
--

DROP TABLE IF EXISTS `CRAFT`;
/*!40101 SET @saved_cs_client     = @@character_set_client */;
/*!40101 SET character_set_client = utf8 */;
CREATE TABLE `CRAFT` (
  `ID` int(10) unsigned NOT NULL AUTO_INCREMENT,
  `NAME` varchar(30) NOT NULL,
  PRIMARY KEY (`ID`)
) ENGINE=InnoDB AUTO_INCREMENT=22 DEFAULT CHARSET=utf8;
/*!40101 SET character_set_client = @saved_cs_client */;

--
-- Dumping data for table `CRAFT`
--

LOCK TABLES `CRAFT` WRITE;
/*!40000 ALTER TABLE `CRAFT` DISABLE KEYS */;
INSERT INTO `CRAFT` VALUES (1,'Chef de Chantier'),(2,'Maçon'),(3,'Chef de parc'),(4,'Ravaleur'),(5,'Carotteur'),(6,'Coffreur'),(7,'Agent d\'entretien'),(8,'Chauffeur'),(9,'Finisseur'),(10,'Chef d\'équipe'),(11,'Mécanicien'),(12,'Grutier'),(13,'Carreleur'),(16,'Formateur'),(17,'Apprenti'),(18,'Manoeuvre'),(19,'Agent de maintenance'),(20,'Menuisier'),(21,'Apprenti aide conduc. travaux');
/*!40000 ALTER TABLE `CRAFT` ENABLE KEYS */;
UNLOCK TABLES;

--
-- Table structure for table `NEED`
--

DROP TABLE IF EXISTS `NEED`;
/*!40101 SET @saved_cs_client     = @@character_set_client */;
/*!40101 SET character_set_client = utf8 */;
CREATE TABLE `NEED` (
  `ID` int(10) unsigned NOT NULL AUTO_INCREMENT,
  `ID_PHASE` int(10) unsigned NOT NULL,
  `ID_CRAFT` int(10) unsigned NOT NULL,
  `ID_QUALIFICATION` int(10) unsigned NOT NULL,
  `NEED` int(10) unsigned NOT NULL,
  PRIMARY KEY (`ID`),
  KEY `FK_NEED_ID_PHASE` (`ID_PHASE`),
  KEY `FK_NEED_ID_CRAFT` (`ID_CRAFT`),
  KEY `FK_NEED_ID_QUALIFICATION` (`ID_QUALIFICATION`),
  CONSTRAINT `FK_NEED_ID_CRAFT` FOREIGN KEY (`ID_CRAFT`) REFERENCES `CRAFT` (`ID`),
  CONSTRAINT `FK_NEED_ID_PHASE` FOREIGN KEY (`ID_PHASE`) REFERENCES `PHASE` (`ID`),
  CONSTRAINT `FK_NEED_ID_QUALIFICATION` FOREIGN KEY (`ID_QUALIFICATION`) REFERENCES `QUALIFICATION` (`ID`)
) ENGINE=InnoDB AUTO_INCREMENT=745 DEFAULT CHARSET=utf8;
/*!40101 SET character_set_client = @saved_cs_client */;

--
-- Dumping data for table `NEED`
--

LOCK TABLES `NEED` WRITE;
/*!40000 ALTER TABLE `NEED` DISABLE KEYS */;
INSERT INTO `NEED` VALUES (1,81,2,4,2),(2,81,2,5,1),(3,81,1,1,1),(4,81,10,2,2),(5,81,12,6,0),(6,82,12,6,1),(7,82,10,2,2),(8,82,2,4,2),(9,82,2,5,1),(10,82,1,1,1),(11,88,10,2,1),(12,88,2,5,1),(13,88,2,4,2),(14,88,1,1,1),(15,88,12,6,1),(16,87,2,5,1),(17,87,2,4,2),(18,87,1,1,1),(19,87,12,6,1),(20,87,10,2,1),(21,86,1,1,1),(22,86,12,6,1),(23,86,10,2,2),(24,86,2,5,1),(25,86,2,4,2),(26,85,1,1,1),(27,85,12,6,1),(28,85,2,5,1),(29,85,2,4,2),(30,85,10,2,2),(31,83,10,2,2),(32,83,12,6,1),(33,83,2,4,2),(34,83,1,1,1),(35,83,2,5,1),(36,84,2,4,2),(37,84,1,1,1),(38,84,12,6,1),(39,84,10,2,2),(40,84,2,5,1),(41,90,1,1,1),(42,90,12,6,1),(43,90,10,2,1),(44,90,2,4,2),(45,90,2,5,1),(46,89,10,2,1),(47,89,2,5,1),(48,89,1,1,1),(49,89,2,4,2),(50,89,12,6,1),(51,91,1,1,1),(52,91,12,6,1),(53,91,2,4,2),(54,91,2,5,1),(55,91,10,2,1),(56,112,8,5,1),(57,112,2,4,2),(58,112,1,1,1),(59,113,2,4,2),(60,113,8,5,1),(61,113,1,1,1),(62,60,2,6,1),(63,60,2,5,1),(64,60,2,4,2),(65,60,2,3,1),(66,60,10,2,1),(67,60,1,1,2),(68,59,2,6,1),(69,59,2,5,1),(70,59,2,4,2),(71,59,10,2,1),(72,59,1,1,2),(73,59,2,3,1),(74,117,2,3,1),(75,117,2,4,2),(76,117,1,1,1),(77,116,1,1,1),(78,116,8,5,1),(79,116,2,3,1),(80,116,2,4,2),(81,114,8,5,1),(82,114,2,4,2),(83,114,1,1,1),(84,115,1,1,1),(85,115,2,4,2),(86,115,8,5,1),(87,62,10,2,1),(88,62,2,3,1),(89,62,2,4,1),(90,62,2,5,1),(91,62,2,6,1),(92,62,1,1,2),(93,61,2,6,1),(94,61,2,5,1),(95,61,10,2,1),(96,61,2,3,1),(97,61,2,4,2),(98,61,1,1,2),(99,63,10,2,1),(100,63,2,3,1),(101,63,2,4,1),(102,63,2,5,1),(103,63,2,6,1),(104,63,1,1,2),(105,64,12,2,1),(106,64,12,3,1),(107,64,21,1,1),(108,64,6,6,1),(109,64,2,4,1),(110,64,2,5,2),(111,64,1,1,1),(112,64,2,3,2),(113,65,12,2,1),(114,65,21,1,1),(115,65,1,1,1),(116,65,6,6,1),(117,65,12,3,1),(118,65,2,5,2),(119,65,2,3,2),(120,65,2,4,1),(121,71,12,2,1),(122,71,12,3,1),(123,71,6,6,1),(124,71,21,1,1),(125,71,2,3,2),(126,71,2,4,1),(127,71,2,5,2),(128,71,1,1,1),(129,70,6,6,1),(130,70,12,3,1),(131,70,12,2,1),(132,70,21,1,1),(133,70,2,3,2),(134,70,2,4,1),(135,70,2,5,2),(136,70,1,1,1),(137,69,2,4,1),(138,69,6,6,1),(139,69,12,3,1),(140,69,12,2,1),(141,69,2,5,2),(142,69,21,1,1),(143,69,1,1,1),(144,69,2,3,2),(145,68,6,6,1),(146,68,12,3,1),(147,68,12,2,1),(148,68,2,5,2),(149,68,2,4,1),(150,68,2,3,2),(151,68,21,1,1),(152,68,1,1,1),(153,66,12,3,1),(154,66,12,2,1),(155,66,2,3,2),(156,66,6,6,1),(157,66,21,1,1),(158,66,1,1,1),(159,66,2,4,1),(160,66,2,5,2),(161,67,21,1,1),(162,67,6,6,1),(163,67,12,2,1),(164,67,12,3,1),(165,67,2,4,1),(166,67,2,5,2),(167,67,1,1,1),(168,67,2,3,2),(169,73,6,6,1),(170,73,12,2,1),(171,73,2,5,2),(172,73,12,3,1),(173,73,21,1,1),(174,73,2,4,1),(175,73,2,3,2),(176,73,1,1,1),(177,72,12,2,1),(178,72,12,3,1),(179,72,6,6,1),(180,72,2,3,2),(181,72,2,4,1),(182,72,2,5,2),(183,72,21,1,1),(184,72,1,1,1),(185,74,6,6,1),(186,74,12,2,1),(187,74,12,3,1),(188,74,21,1,1),(189,74,2,5,2),(190,74,2,4,1),(191,74,2,3,1),(192,74,1,1,1),(193,42,6,6,1),(194,42,10,2,1),(195,43,10,2,1),(196,43,6,6,1),(197,43,2,5,1),(198,49,2,4,1),(199,49,2,5,2),(200,49,3,5,1),(201,49,10,2,1),(202,49,6,6,3),(203,48,3,5,1),(204,48,2,4,1),(205,48,2,5,2),(206,48,6,6,3),(207,48,10,2,1),(208,47,3,5,1),(209,47,2,4,1),(210,47,2,5,2),(211,47,6,6,3),(212,46,2,4,1),(213,46,2,5,2),(214,46,6,6,3),(215,46,3,5,1),(216,44,6,6,1),(217,44,2,5,1),(218,45,6,6,1),(219,45,2,5,1),(220,51,10,2,1),(221,51,6,6,3),(222,51,2,4,1),(223,51,2,5,2),(224,51,3,5,1),(225,50,2,4,1),(226,50,2,5,2),(227,50,6,6,3),(228,50,10,2,1),(229,50,3,5,1),(230,52,3,5,1),(231,52,10,2,1),(232,52,6,6,3),(233,52,2,4,1),(234,52,2,5,2),(235,92,6,6,2),(236,92,3,5,1),(237,92,2,5,2),(238,92,2,3,1),(239,92,2,4,2),(240,93,2,4,2),(241,93,2,5,2),(242,93,2,3,1),(243,93,6,6,2),(244,93,3,5,1),(245,119,2,5,1),(246,118,2,5,1),(247,94,2,5,2),(248,94,2,3,1),(249,94,2,4,2),(250,94,3,5,1),(251,94,6,6,2),(252,95,2,4,1),(253,95,2,5,2),(254,95,2,3,1),(255,95,6,6,2),(256,95,3,5,1),(257,75,6,5,1),(258,75,2,3,1),(259,75,1,1,1),(260,75,10,2,1),(261,75,6,6,1),(262,76,2,3,1),(263,76,6,5,1),(264,76,6,6,1),(265,76,10,2,1),(266,76,1,1,1),(267,80,6,6,1),(268,80,10,2,1),(269,80,2,3,1),(270,80,6,5,1),(271,79,6,5,1),(272,79,6,6,1),(273,79,10,2,1),(274,79,2,3,1),(275,77,10,2,1),(276,77,2,3,1),(277,77,6,5,1),(278,77,6,6,1),(279,77,1,1,1),(280,78,10,2,1),(281,78,2,3,1),(282,78,6,5,1),(283,78,6,6,1),(284,96,17,8,1),(285,96,10,2,1),(286,96,6,6,2),(287,96,12,5,1),(288,96,2,6,1),(289,96,1,1,2),(290,96,2,4,5),(291,96,2,5,1),(292,97,17,8,1),(293,97,6,6,2),(294,97,12,5,1),(295,97,10,2,1),(296,97,2,5,1),(297,97,2,6,1),(298,97,2,4,5),(299,97,1,1,2),(300,102,12,5,1),(301,102,2,6,1),(302,101,1,1,1),(303,101,12,5,1),(304,101,2,6,1),(305,100,6,6,2),(306,100,12,5,1),(307,100,10,2,1),(308,100,2,5,1),(309,100,2,4,4),(310,100,17,8,1),(311,100,1,1,2),(312,100,2,6,1),(313,98,12,5,1),(314,98,6,6,2),(315,98,10,2,1),(316,98,2,6,1),(317,98,2,4,4),(318,98,2,5,1),(319,98,1,1,2),(320,98,17,8,1),(321,99,12,5,1),(322,99,6,6,2),(323,99,10,2,1),(324,99,17,8,1),(325,99,1,1,2),(326,99,2,5,1),(327,99,2,6,1),(328,99,2,4,4),(329,53,9,6,1),(330,53,10,2,1),(331,53,2,6,1),(332,53,1,1,1),(333,53,2,2,1),(334,53,2,5,1),(335,54,9,6,1),(336,54,10,2,1),(337,54,2,5,1),(338,54,2,6,1),(339,54,2,2,1),(340,54,1,1,1),(341,108,9,6,1),(342,108,2,5,1),(343,108,2,2,1),(344,107,2,5,1),(345,107,2,2,1),(346,107,9,6,1),(347,58,10,2,1),(348,58,2,2,1),(349,58,9,6,1),(350,58,2,6,1),(351,58,2,5,1),(352,58,1,1,1),(353,57,10,2,1),(354,57,9,6,1),(355,57,2,5,1),(356,57,2,2,1),(357,57,1,1,1),(358,57,2,6,1),(359,55,10,2,1),(360,55,9,6,1),(361,55,2,6,1),(362,55,2,2,1),(363,55,2,5,1),(364,55,1,1,1),(365,56,10,2,1),(366,56,9,6,1),(367,56,1,1,1),(368,56,2,5,1),(369,56,2,6,1),(370,56,2,2,1),(371,110,9,6,1),(372,110,2,2,1),(373,110,2,5,1),(374,109,9,6,1),(375,109,2,5,1),(376,109,2,2,1),(377,111,2,2,1),(378,111,2,5,1),(379,111,9,6,1),(380,120,12,6,1),(381,120,2,6,1),(382,121,2,6,1),(383,127,2,6,1),(384,126,2,6,1),(385,125,2,6,1),(386,124,2,6,1),(387,122,2,6,1),(388,123,2,6,1),(389,129,2,6,1),(390,128,2,6,1),(391,130,2,6,1),(392,131,9,5,1),(393,131,3,5,1),(394,131,12,5,1),(395,131,6,6,3),(396,131,6,4,1),(397,131,6,2,1),(398,131,10,3,2),(399,131,10,2,1),(400,131,2,5,3),(401,131,2,6,2),(402,131,2,2,1),(403,131,2,4,5),(404,131,1,1,2),(405,131,12,3,1),(406,132,6,2,1),(407,132,3,5,1),(408,132,6,6,3),(409,132,12,3,1),(410,132,12,5,1),(411,132,10,2,1),(412,132,1,1,2),(413,132,6,4,1),(414,132,10,3,2),(415,132,9,5,1),(416,132,2,5,3),(417,132,2,6,2),(418,132,2,2,1),(419,132,2,4,5),(420,138,10,3,2),(421,138,10,2,1),(422,138,3,5,1),(423,138,9,5,1),(424,138,6,6,3),(425,138,6,4,1),(426,138,2,4,5),(427,138,2,2,1),(428,138,2,6,2),(429,138,2,5,3),(430,138,12,5,1),(431,138,6,2,1),(432,138,1,1,2),(433,137,10,2,1),(434,137,3,5,1),(435,137,9,5,1),(436,137,2,2,1),(437,137,2,4,5),(438,137,2,5,3),(439,137,2,6,2),(440,137,6,6,3),(441,137,12,3,1),(442,137,6,4,1),(443,137,1,1,2),(444,137,12,5,1),(445,137,6,2,1),(446,137,10,3,2),(447,136,3,5,1),(448,136,10,3,2),(449,136,10,2,1),(450,136,9,5,1),(451,136,6,6,3),(452,136,2,2,1),(453,136,2,4,5),(454,136,2,5,3),(455,136,2,6,2),(456,136,6,4,1),(457,136,12,3,1),(458,136,1,1,2),(459,136,12,5,1),(460,136,6,2,1),(461,135,3,5,1),(462,135,2,6,2),(463,135,2,5,3),(464,135,9,5,1),(465,135,10,2,1),(466,135,6,6,3),(467,135,2,2,1),(468,135,2,4,5),(469,135,1,1,2),(470,135,12,3,1),(471,135,6,4,1),(472,135,12,5,1),(473,135,10,3,2),(474,135,6,2,1),(475,133,6,6,3),(476,133,9,5,1),(477,133,6,2,1),(478,133,6,4,1),(479,133,10,3,2),(480,133,10,2,1),(481,133,2,6,2),(482,133,3,5,1),(483,133,2,4,5),(484,133,2,2,1),(485,133,2,5,3),(486,133,1,1,2),(487,133,12,5,1),(488,133,12,3,1),(489,134,9,5,1),(490,134,6,2,1),(491,134,6,4,1),(492,134,6,6,3),(493,134,2,6,2),(494,134,2,5,3),(495,134,2,4,5),(496,134,2,2,1),(497,134,3,5,1),(498,134,12,5,1),(499,134,1,1,2),(500,134,12,3,1),(501,134,10,3,2),(502,134,10,2,1),(503,140,2,6,2),(504,140,2,5,3),(505,140,2,2,1),(506,140,2,4,5),(507,140,10,2,1),(508,140,9,5,1),(509,140,6,4,1),(510,140,6,6,3),(511,140,10,3,2),(512,140,6,2,1),(513,140,1,1,2),(514,140,12,5,1),(515,140,3,5,1),(516,139,10,3,2),(517,139,3,5,1),(518,139,6,6,3),(519,139,10,2,1),(520,139,6,2,1),(521,139,6,4,1),(522,139,2,4,5),(523,139,2,2,1),(524,139,2,6,2),(525,139,2,5,3),(526,139,1,1,2),(527,139,9,5,1),(528,139,12,5,1),(529,141,2,2,1),(530,141,2,4,5),(531,141,2,5,3),(532,141,3,5,1),(533,141,2,6,2),(534,141,6,4,1),(535,141,6,2,1),(536,141,9,5,1),(537,141,6,6,3),(538,141,1,1,2),(539,141,12,5,1),(540,141,10,3,2),(541,141,10,2,1),(542,145,1,1,1),(543,145,2,5,1),(544,144,2,5,1),(545,144,1,1,1),(546,143,2,5,1),(547,143,1,1,1),(548,142,1,1,1),(549,148,1,1,1),(550,148,2,5,1),(551,147,1,1,1),(552,147,2,5,1),(553,146,1,1,1),(554,146,2,5,1),(555,149,8,5,1),(556,149,2,6,2),(557,149,2,5,5),(558,149,2,4,3),(559,149,10,2,1),(560,149,20,5,1),(561,149,20,3,2),(562,149,2,7,1),(563,149,13,5,1),(564,149,1,3,1),(565,149,1,1,3),(566,149,13,2,1),(567,149,20,4,1),(568,149,20,2,2),(569,150,13,2,1),(570,150,2,6,2),(571,150,2,5,5),(572,150,8,5,1),(573,150,10,2,1),(574,150,2,7,1),(575,150,20,5,1),(576,150,2,4,3),(577,150,1,1,3),(578,150,20,4,1),(579,150,1,3,1),(580,150,13,5,1),(581,150,20,3,2),(582,150,20,2,2),(583,156,2,4,3),(584,156,10,2,1),(585,156,2,7,1),(586,156,13,2,1),(587,156,2,5,5),(588,156,2,6,2),(589,156,20,3,2),(590,156,13,5,1),(591,156,8,5,1),(592,156,20,5,1),(593,156,1,3,1),(594,156,20,4,1),(595,156,1,1,3),(596,156,20,2,2),(597,155,8,5,1),(598,155,13,2,1),(599,155,2,6,2),(600,155,2,5,5),(601,155,2,4,3),(602,155,20,4,1),(603,155,10,2,1),(604,155,2,7,1),(605,155,20,2,2),(606,155,1,3,1),(607,155,13,5,1),(608,155,1,1,3),(609,155,20,5,1),(610,155,20,3,2),(611,154,13,5,1),(612,154,8,5,1),(613,154,13,2,1),(614,154,20,2,2),(615,154,20,3,2),(616,154,20,4,1),(617,154,20,5,1),(618,154,2,7,1),(619,154,2,4,3),(620,154,10,2,1),(621,154,2,6,2),(622,154,2,5,5),(623,154,1,3,1),(624,154,1,1,3),(625,153,13,2,1),(626,153,8,5,1),(627,153,20,5,1),(628,153,2,7,1),(629,153,20,2,2),(630,153,2,4,3),(631,153,20,4,1),(632,153,2,6,2),(633,153,2,5,5),(634,153,10,2,1),(635,153,20,3,2),(636,153,13,5,1),(637,153,1,1,3),(638,153,1,3,1),(639,151,20,5,1),(640,151,20,3,2),(641,151,20,2,2),(642,151,8,5,1),(643,151,13,5,1),(644,151,2,4,3),(645,151,2,5,5),(646,151,2,6,2),(647,151,2,7,1),(648,151,13,2,1),(649,151,1,3,1),(650,151,1,1,3),(651,151,10,2,1),(652,151,20,4,1),(653,152,20,4,1),(654,152,20,3,2),(655,152,20,2,2),(656,152,8,5,1),(657,152,2,4,3),(658,152,2,5,5),(659,152,2,6,2),(660,152,2,7,1),(661,152,20,5,1),(662,152,13,5,1),(663,152,10,2,1),(664,152,1,3,1),(665,152,13,2,1),(666,152,1,1,3),(667,158,2,6,2),(668,158,2,5,5),(669,158,2,4,3),(670,158,8,5,1),(671,158,20,2,2),(672,158,1,1,3),(673,158,13,2,1),(674,158,2,7,1),(675,158,20,5,1),(676,158,10,2,1),(677,158,1,3,1),(678,158,20,3,2),(679,158,20,4,1),(680,158,13,5,1),(681,157,2,7,1),(682,157,2,5,5),(683,157,2,6,2),(684,157,13,2,1),(685,157,8,5,1),(686,157,13,5,1),(687,157,10,2,1),(688,157,2,4,3),(689,157,20,2,2),(690,157,20,4,1),(691,157,20,3,2),(692,157,20,5,1),(693,157,1,3,1),(694,157,1,1,3),(695,159,2,7,1),(696,159,2,6,2),(697,159,2,5,5),(698,159,2,4,3),(699,159,13,5,1),(700,159,1,3,1),(701,159,1,1,3),(702,159,13,2,1),(703,159,20,5,1),(704,159,10,2,1),(705,159,20,4,1),(706,159,20,2,2),(707,159,20,3,2),(708,159,8,5,1),(709,161,12,3,1),(710,161,17,8,1),(711,161,12,5,1),(712,161,2,4,4),(713,161,1,1,2),(714,161,6,6,2),(715,161,2,6,1),(716,160,6,6,2),(717,160,17,8,1),(718,160,2,4,4),(719,160,1,1,2),(720,165,2,4,4),(721,165,1,1,1),(722,165,17,8,1),(723,165,6,6,2),(724,164,12,5,1),(725,164,17,8,1),(726,164,6,6,2),(727,164,12,3,1),(728,164,1,1,2),(729,164,2,6,1),(730,164,2,4,4),(731,163,12,3,1),(732,163,17,8,1),(733,163,12,5,1),(734,163,6,6,2),(735,163,1,1,2),(736,163,2,6,1),(737,163,2,4,4),(738,162,12,5,1),(739,162,12,3,1),(740,162,17,8,1),(741,162,6,6,2),(742,162,2,6,1),(743,162,1,1,2),(744,162,2,4,4);
/*!40000 ALTER TABLE `NEED` ENABLE KEYS */;
UNLOCK TABLES;

--
-- Table structure for table `PASSENGER`
--

DROP TABLE IF EXISTS `PASSENGER`;
/*!40101 SET @saved_cs_client     = @@character_set_client */;
/*!40101 SET character_set_client = utf8 */;
CREATE TABLE `PASSENGER` (
  `ID` int(10) unsigned NOT NULL AUTO_INCREMENT,
  `ID_SHUTTLE` int(10) unsigned NOT NULL,
  `ID_WORKER` int(10) unsigned NOT NULL,
  `ID_PICKUP` int(10) unsigned DEFAULT NULL,
  PRIMARY KEY (`ID`),
  KEY `FK_PASSENGER_ID_SHUTTLE` (`ID_SHUTTLE`),
  KEY `FK_PASSENGER_ID_WORKER` (`ID_WORKER`),
  KEY `FK_PASSENGER_ID_PICKUP` (`ID_PICKUP`),
  CONSTRAINT `FK_PASSENGER_ID_PICKUP` FOREIGN KEY (`ID_PICKUP`) REFERENCES `PICKUP` (`ID`) ON DELETE CASCADE,
  CONSTRAINT `FK_PASSENGER_ID_SHUTTLE` FOREIGN KEY (`ID_SHUTTLE`) REFERENCES `SHUTTLE` (`ID`) ON DELETE CASCADE,
  CONSTRAINT `FK_PASSENGER_ID_WORKER` FOREIGN KEY (`ID_WORKER`) REFERENCES `WORKER` (`ID`) ON DELETE CASCADE
) ENGINE=InnoDB DEFAULT CHARSET=utf8;
/*!40101 SET character_set_client = @saved_cs_client */;

--
-- Dumping data for table `PASSENGER`
--

LOCK TABLES `PASSENGER` WRITE;
/*!40000 ALTER TABLE `PASSENGER` DISABLE KEYS */;
/*!40000 ALTER TABLE `PASSENGER` ENABLE KEYS */;
UNLOCK TABLES;

--
-- Table structure for table `PHASE`
--

DROP TABLE IF EXISTS `PHASE`;
/*!40101 SET @saved_cs_client     = @@character_set_client */;
/*!40101 SET character_set_client = utf8 */;
CREATE TABLE `PHASE` (
  `ID` int(10) unsigned NOT NULL AUTO_INCREMENT,
  `ID_SITE` int(10) unsigned NOT NULL,
  `NUM_WEEK` int(10) unsigned NOT NULL,
  `NUM_YEAR` int(10) unsigned NOT NULL,
  PRIMARY KEY (`ID`),
  KEY `FK_PHASE_ID_SITE` (`ID_SITE`),
  CONSTRAINT `FK_PHASE_ID_SITE` FOREIGN KEY (`ID_SITE`) REFERENCES `SITE` (`ID`)
) ENGINE=InnoDB AUTO_INCREMENT=171 DEFAULT CHARSET=utf8;
/*!40101 SET character_set_client = @saved_cs_client */;

--
-- Dumping data for table `PHASE`
--

LOCK TABLES `PHASE` WRITE;
/*!40000 ALTER TABLE `PHASE` DISABLE KEYS */;
INSERT INTO `PHASE` VALUES (42,10,26,2014),(43,10,27,2014),(44,10,28,2014),(45,10,29,2014),(46,10,30,2014),(47,10,31,2014),(48,10,32,2014),(49,10,33,2014),(50,10,34,2014),(51,10,35,2014),(52,10,36,2014),(53,25,26,2014),(54,25,27,2014),(55,25,28,2014),(56,25,29,2014),(57,25,30,2014),(58,25,31,2014),(59,5,32,2014),(60,5,33,2014),(61,5,34,2014),(62,5,35,2014),(63,5,36,2014),(64,6,26,2014),(65,6,27,2014),(66,6,28,2014),(67,6,29,2014),(68,6,30,2014),(69,6,31,2014),(70,6,32,2014),(71,6,33,2014),(72,6,34,2014),(73,6,35,2014),(74,6,36,2014),(75,15,26,2014),(76,15,27,2014),(77,15,28,2014),(78,15,29,2014),(79,15,30,2014),(80,15,31,2014),(81,1,26,2014),(82,1,27,2014),(83,1,28,2014),(84,1,29,2014),(85,1,30,2014),(86,1,31,2014),(87,1,32,2014),(88,1,33,2014),(89,1,34,2014),(90,1,35,2014),(91,1,36,2014),(92,11,26,2014),(93,11,27,2014),(94,11,28,2014),(95,11,29,2014),(96,22,26,2014),(97,22,27,2014),(98,22,28,2014),(99,22,29,2014),(100,22,30,2014),(101,22,31,2014),(102,22,32,2014),(103,22,33,2014),(104,22,34,2014),(105,22,35,2014),(106,22,36,2014),(107,25,32,2014),(108,25,33,2014),(109,25,34,2014),(110,25,35,2014),(111,25,36,2014),(112,5,26,2014),(113,5,27,2014),(114,5,28,2014),(115,5,29,2014),(116,5,30,2014),(117,5,31,2014),(118,11,30,2014),(119,11,31,2014),(120,27,26,2014),(121,27,27,2014),(122,27,28,2014),(123,27,29,2014),(124,27,30,2014),(125,27,31,2014),(126,27,32,2014),(127,27,33,2014),(128,27,34,2014),(129,27,35,2014),(130,27,36,2014),(131,28,26,2014),(132,28,27,2014),(133,28,28,2014),(134,28,29,2014),(135,28,30,2014),(136,28,31,2014),(137,28,32,2014),(138,28,33,2014),(139,28,34,2014),(140,28,35,2014),(141,28,36,2014),(142,29,30,2014),(143,29,31,2014),(144,29,32,2014),(145,29,33,2014),(146,29,34,2014),(147,29,35,2014),(148,29,36,2014),(149,30,26,2014),(150,30,27,2014),(151,30,28,2014),(152,30,29,2014),(153,30,30,2014),(154,30,31,2014),(155,30,32,2014),(156,30,33,2014),(157,30,34,2014),(158,30,35,2014),(159,30,36,2014),(160,31,32,2014),(161,31,33,2014),(162,31,34,2014),(163,31,35,2014),(164,31,36,2014),(165,31,31,2014),(166,15,32,2014),(167,29,29,2014),(168,29,26,2014),(169,29,28,2014),(170,29,27,2014);
/*!40000 ALTER TABLE `PHASE` ENABLE KEYS */;
UNLOCK TABLES;

--
-- Table structure for table `PICKUP`
--

DROP TABLE IF EXISTS `PICKUP`;
/*!40101 SET @saved_cs_client     = @@character_set_client */;
/*!40101 SET character_set_client = utf8 */;
CREATE TABLE `PICKUP` (
  `ID` int(10) unsigned NOT NULL AUTO_INCREMENT,
  `ID_POSITION` int(10) unsigned NOT NULL,
  `ID_SITE` int(10) unsigned NOT NULL,
  PRIMARY KEY (`ID`),
  KEY `FK_PICKUP_ID_POSITION` (`ID_POSITION`),
  KEY `FK_PICKUP_ID_SITE` (`ID_SITE`),
  CONSTRAINT `FK_PICKUP_ID_POSITION` FOREIGN KEY (`ID_POSITION`) REFERENCES `POSITION` (`ID`) ON DELETE CASCADE,
  CONSTRAINT `FK_PICKUP_ID_SITE` FOREIGN KEY (`ID_SITE`) REFERENCES `SITE` (`ID`) ON DELETE CASCADE
) ENGINE=InnoDB AUTO_INCREMENT=38 DEFAULT CHARSET=utf8;
/*!40101 SET character_set_client = @saved_cs_client */;

--
-- Dumping data for table `PICKUP`
--

LOCK TABLES `PICKUP` WRITE;
/*!40000 ALTER TABLE `PICKUP` DISABLE KEYS */;
INSERT INTO `PICKUP` VALUES (2,302,1),(4,304,1),(5,305,1),(6,306,1),(7,818,1),(10,821,1),(11,822,1),(12,823,1),(13,824,1),(14,825,1),(15,826,1),(16,827,1),(17,828,1),(18,829,1),(19,830,1),(20,831,1),(21,832,1),(22,833,1),(23,834,1),(24,835,1),(25,836,1),(26,837,1),(27,838,1),(28,839,1),(29,840,1),(30,841,1),(31,842,1),(32,843,1),(33,844,1),(34,845,1),(35,846,1),(36,847,1),(37,848,1);
/*!40000 ALTER TABLE `PICKUP` ENABLE KEYS */;
UNLOCK TABLES;
/*!50003 SET @saved_cs_client      = @@character_set_client */ ;
/*!50003 SET @saved_cs_results     = @@character_set_results */ ;
/*!50003 SET @saved_col_connection = @@collation_connection */ ;
/*!50003 SET character_set_client  = latin1 */ ;
/*!50003 SET character_set_results = latin1 */ ;
/*!50003 SET collation_connection  = latin1_swedish_ci */ ;
/*!50003 SET @saved_sql_mode       = @@sql_mode */ ;
/*!50003 SET sql_mode              = '' */ ;
DELIMITER ;;
/*!50003 CREATE*/ /*!50017 DEFINER=`Client`@`%`*/ /*!50003 TRIGGER `optraj_bdd`.`PICKUP_ADEL`
AFTER DELETE ON `optraj_bdd`.`PICKUP`
FOR EACH ROW
begin
delete from POSITION where ID=old.ID_POSITION;
end */;;
DELIMITER ;
/*!50003 SET sql_mode              = @saved_sql_mode */ ;
/*!50003 SET character_set_client  = @saved_cs_client */ ;
/*!50003 SET character_set_results = @saved_cs_results */ ;
/*!50003 SET collation_connection  = @saved_col_connection */ ;

--
-- Table structure for table `PICKUP_LINK`
--

DROP TABLE IF EXISTS `PICKUP_LINK`;
/*!40101 SET @saved_cs_client     = @@character_set_client */;
/*!40101 SET character_set_client = utf8 */;
CREATE TABLE `PICKUP_LINK` (
  `ID` int(10) unsigned NOT NULL AUTO_INCREMENT,
  `ID_PICKUP` int(10) unsigned NOT NULL,
  `ID_SHUTTLE` int(10) unsigned NOT NULL,
  PRIMARY KEY (`ID`),
  KEY `FK_PICKUP_LINK_ID_PICKUP` (`ID_PICKUP`),
  KEY `FK_PICKUP_LINK_ID_SHUTTLE` (`ID_SHUTTLE`),
  CONSTRAINT `FK_PICKUP_LINK_ID_PICKUP` FOREIGN KEY (`ID_PICKUP`) REFERENCES `PICKUP` (`ID`) ON DELETE CASCADE,
  CONSTRAINT `FK_PICKUP_LINK_ID_SHUTTLE` FOREIGN KEY (`ID_SHUTTLE`) REFERENCES `SHUTTLE` (`ID`) ON DELETE CASCADE
) ENGINE=InnoDB DEFAULT CHARSET=utf8;
/*!40101 SET character_set_client = @saved_cs_client */;

--
-- Dumping data for table `PICKUP_LINK`
--

LOCK TABLES `PICKUP_LINK` WRITE;
/*!40000 ALTER TABLE `PICKUP_LINK` DISABLE KEYS */;
/*!40000 ALTER TABLE `PICKUP_LINK` ENABLE KEYS */;
UNLOCK TABLES;

--
-- Table structure for table `POSITION`
--

DROP TABLE IF EXISTS `POSITION`;
/*!40101 SET @saved_cs_client     = @@character_set_client */;
/*!40101 SET character_set_client = utf8 */;
CREATE TABLE `POSITION` (
  `ID` int(10) unsigned NOT NULL AUTO_INCREMENT,
  `LATITUDE` float NOT NULL,
  `LONGITUDE` float NOT NULL,
  `ADDRESS` varchar(255) NOT NULL,
  PRIMARY KEY (`ID`)
) ENGINE=InnoDB AUTO_INCREMENT=854 DEFAULT CHARSET=utf8;
/*!40101 SET character_set_client = @saved_cs_client */;

--
-- Dumping data for table `POSITION`
--

LOCK TABLES `POSITION` WRITE;
/*!40000 ALTER TABLE `POSITION` DISABLE KEYS */;
INSERT INTO `POSITION` VALUES (302,47.8909,-1.98968,'Maure de Bretagne'),(304,48.0674,-1.71435,'Saint-Jacques-de-la-Lande'),(305,48.0832,-1.67616,'Alma'),(306,48.1539,-1.68651,'Saint-Grégoire'),(512,47.239,-1.51653,'Rue de la Souillarderie, Nantes'),(513,48.1306,-1.67649,'Maurepas-Patton - Les Gayeulles, Rennes, France'),(514,48.0909,-1.69586,'11 Rue des 25 Fusillés du 30 Novembre 1942, 35136 Saint-Jacques-de-la-Lande'),(515,47.2284,-1.61044,'16 Allée Armand Trousseau, 44800 Saint-Herblain, France'),(516,47.2135,-1.55968,'passage pommeraye, Nantes'),(517,48.1066,-1.67624,'esplanade charles de gaulle, Rennes'),(518,47.6576,-2.07704,'CHEZ M ET MME DELANNEE JOEL 10'),(519,48.6236,-2.03625,'4 Avenue des Tamaris, 35800 Dinard, France'),(520,47.2735,-2.21385,'Saint Nazaire'),(521,47.6502,-2.09042,'résid Les Charmilles r Lucien Poulard, 35600 REDON'),(522,47.2444,-1.53387,'509 Route de Saint-Joseph, 44000 Nantes'),(523,47.3178,-2.18912,'Trignac'),(524,48.1098,-1.6792,'place de la république, Rennes'),(525,47.9653,-1.49285,'Parc de l\'Yve 35150  Janzé'),(526,47.218,-1.58154,'11 Rue du Calvaire de Grillaud, 44100 Nantes, France'),(527,48.1542,-1.82883,'5 Rue du Prieuré, 35590 Saint-Gilles'),(528,43.6637,7.14882,'Cagnes'),(529,43.6637,7.14882,'Cagnes'),(530,48.1038,-1.69429,'20 Rue Claude Bernard, 35000 Rennes, France'),(531,48.1173,-1.67779,'Rennes'),(532,48.1063,-1.67645,'Esplanade Charles de Gaulle, 35000 Rennes, France'),(533,48.1038,-1.69429,'20 Rue Claude Bernard, 35000 Rennes, France'),(534,48.5705,-1.09579,'Place de Bretagne 50600 Saint-Hilaire-du-Harcouët'),(535,47.6976,-2.80589,'Plescop'),(536,47.589,-3.01532,'D781, 56470 Saint-Philibert, France'),(537,47.2184,-1.55362,'Nantes'),(538,47.4852,-0.55532,'CHU angers'),(539,47.8502,-1.94432,'4 RUE DES CHENES VERTS 35550 LIEURON'),(540,47.8736,-1.94804,'LA VILLE DE COMPESSY 35330 MAURE DE BRETAGNE'),(541,47.9794,-2.15152,'LE POTEAU 56380 BEIGNON'),(542,48.077,-1.71586,'38 MAIL LEON BLUM 35131 ST JACQUES DE LA LANDE'),(543,47.9271,-1.99427,'LA CHESNAIE DU BOIS 35330 MERNEL'),(544,47.9474,-1.92288,'5 BIS LE PLESSIS 35580 BAULON'),(545,47.9137,-1.39101,'26 RUE ROBERT SCHUMAN 35240 RETIERS'),(546,47.9918,-1.12451,'4 ALLEE DES GENETTES 35370 GENNES SUR SEICHE'),(547,47.8743,-1.93773,'21, COMPAISSY 35330 MAURE DE BRETAGNE'),(548,38.9233,-0.270594,'TROBERT 35660 LANGON'),(549,48.1006,-1.66518,'21 RUE DE LA CALIORNE 35000 RENNES'),(550,48.0879,-1.66253,'14 BD LOUIS VOLCLAIR 35200 RENNES'),(551,47.8888,-1.50542,'7 RUE JULES FERRY 35320 LA COUYERE'),(552,47.9823,-2.03463,'CHEZ MME TOUSSAINT VERONIQUE 35380 MAXENT'),(553,47.6507,-2.08394,'CHEZ M ET MME DELANNEE JOEL 35600 REDON'),(554,47.896,-1.96777,'LE PETIT POMMERET 35330 MERNEL'),(555,47.893,-2.00748,'12 RUE DE LA GILARDAIS 35330 MAURE DE BRETAGNE'),(556,47.8955,-1.97224,'6 RUE DES PERRIERES 35330 CAMPEL'),(557,47.6743,-2.05093,'LA BIGOTAIE 35600 REDON'),(558,47.8542,-2.0067,'LE CLOS DONJEAN 35330 ST SEGLIN'),(559,47.891,-1.98669,'8 RUE DU SOUS LIEUTENANT DU 35330 MAURE DE BRETAGNE'),(560,47.918,-2.00759,'LA REAUTE 35330 CAMPEL'),(561,48.057,-1.1503,'11 RUE ALAIN ARGENTRE 35370 ARGENTRE DU PLESSIS'),(562,48.0631,-1.10573,'LES DENISIERES 35370 ARGENTRE DU PLESSIS'),(563,47.8082,-1.9468,'17 PLACE DE VERDUN 35550 PIPRIAC'),(564,47.9075,-1.89678,'LA MOLIERE 35580 GUIGNEN'),(565,47.9217,-2.0417,'LA GERAUDAIS 35330 MAURE DE BRETAGNE'),(566,47.572,-2.10801,'LOT.PORT BILLY 56130 THEHILLAC'),(567,47.8955,-1.97224,'8 RUE DES PERRIERES 35330 CAMPEL'),(568,48.0941,-1.67424,'121 RUE DE L\'ALMA 35000 RENNES'),(569,47.9034,-1.95252,'LA CHAUVINAIS 35330 MERNEL'),(570,48.1023,-1.79543,'10 AVENUE DES SPORTS 35650 LE RHEU'),(571,48.126,-1.6657,'1, BD EMMANUEL MOUNIER 35700 RENNES'),(572,47.8735,-1.96014,'LE BOIS MOISON 35330 MAURE DE BRETAGNE'),(573,48.0568,-1.14509,'62 RUE ALAIN D\'ARGENTRE 35370 ARGENTRE DU PLESSIS'),(574,47.84,-2.11934,'LA BERGERIE 56910 CARENTOIR'),(575,47.8542,-2.0067,'6 RUE SOUS LES VIGNES 35330 ST SEGLIN'),(576,48.0191,-2.4945,'SECOUET 56490 ST MALO DES TROIS FONTAINE'),(577,47.881,-1.9979,'32 BOUINTIN 35330 MAURE DE BRETAGNE'),(578,47.8929,-1.98582,'8 RUE SUR L\'ETANG 35330 MERNEL'),(579,47.947,-2.03882,'8 CLOS DE LA FONTAINE 35380 MAXENT'),(580,47.7911,-1.93197,'LA GUERINAIS 35550 PIPRIAC'),(581,47.8979,-1.97099,'2 RUE NOMINOE 35330 MERNEL'),(582,48.1301,-1.65874,'18, RUE POULARD DES PLACES 35000 RENNES'),(583,48.0756,-1.70752,'RES.LE MAIL DUPLESSIS APP.N°6145 35000 RENNES'),(584,47.9458,-1.80142,'LE BIGNON 35580 GUIGNEN'),(585,47.6315,-2.13017,'41, RUE DU TEMPLE 56350 ST JEAN DE LA POTERIE'),(586,47.8973,-2.12158,'35 RUE DES TILLEULS 56380 GUER'),(587,48.1206,-1.70888,'2, RUE BOURBONNAIS 35000 RENNES'),(588,47.8421,-1.67974,'27 GRANDE RUE 35470 BAIN DE BRETAGNE'),(589,47.8313,-2.02348,'LE DOMAINE DE LA BROUSSE 35550 BRUC SUR AFF'),(590,48.1051,-1.87104,'8 BIS PLACE DU CENTRE 35310 CINTRE'),(591,47.8936,-2.12685,'LES MOUTIERS 56380 GUER'),(592,48.111,-1.00352,'LE HAMEAU DE CLAIREFONTAINE 53410 ST PIERRE LA COUR'),(593,47.9878,-2.10207,'LE BODO 35380 PLELAN LE GRAND'),(594,47.8615,-2.10563,'LA CRUYERE 56380 GUER'),(595,47.9264,-1.84162,'LE LANGAGE 35580 GUIGNEN'),(596,47.8897,-1.93357,'LA BARBOTAIS 35330 MERNEL'),(597,47.8521,-1.97694,'LA LORENSSAIS 35330 MAURE DE BRETAGNE'),(598,48.0551,-1.14542,'11 RUE D\'AQUITAINE 35370 ARGENTRE DU PLESSIS'),(599,47.5617,-2.49847,'21 ALLEE DES CHOUANS 56190 MUZILLAC'),(600,48.3787,-1.46209,'LA POUPARDAIS 35490 CHAUVIGNE'),(601,47.8936,-2.12685,'LES MOUTIERS 56380 GUER'),(602,47.8461,-1.95864,'LA MOUCHAIS 35550 LIEURON'),(603,47.966,-1.79675,'LES BRIAIS 35580 GUICHEN'),(604,48.0603,-1.83469,'LE PATIS DE LA SAUDRAIS 35310 BREAL SOUS MONTFORT'),(605,47.8564,-1.97398,'LA CONTAIS 35550 LIEURON'),(606,47.999,-1.3266,'LE BOIS HEUDRE 35680 BAIS'),(607,47.8152,-2.02287,'14 RUE DU CREUX CHEMIN 35550 BRUC SUR AFF'),(608,47.8186,-1.82009,'6 RUE DES MESSANGES 35480 MESSAC'),(609,47.6007,-2.12577,'LE BOT D\'EN BAS 56350 RIEUX'),(610,47.8971,-1.9709,'2 RUE SALOMON 35330 MERNEL'),(611,47.5923,-2.15389,'LES YEULAIS 56350 RIEUX'),(612,47.6601,-2.16977,'LE CHENE RENAUD 56350 ALLAIRE'),(613,47.8917,-2.00116,'1 RESIDENCE DES EPINES 35330 MAURE DE BRETAGNE'),(614,47.8977,-1.96809,'ZA LA VIEUVILLE 35330 MERNEL'),(615,47.8811,-1.42709,'LA COSTARDERIE 35134 COESMES'),(616,47.8147,-2.0174,'22 RUE DE LA FORGE 35550 BRUC SUR AFF'),(617,47.9091,-1.83074,'LE VERGER 35580 GUIGNEN'),(618,47.6021,-2.12047,'15 RUE DU BOIS DES MOINES 56350 RIEUX'),(619,47.6977,-1.86602,'4 RUE DU CALVAIRE 44290 BESLE SUR VILAINE'),(620,47.8822,-1.97773,'LA HALLIAIS 35330 MAURE DE BRETAGNE'),(621,48.0884,-1.64842,'4 SQUARE DES HAUTES OURMES 35200 RENNES'),(622,48.0393,-1.70013,'12 RUE DU COMMANDANT CHARCOT 35131 CHARTRES DE BRETAGNE'),(623,48.0789,-1.71582,'30 MAIL LEON BLUM 35136 ST JACQUES DE LA LANDE'),(624,47.7622,-2.06299,'LA BRUYERE 35550 SIXT SUR AFF'),(625,47.5551,-2.14736,'BRANGAISON 56130 ST DOLAY'),(626,47.9153,-2.19802,'LA BELLE ALOUETTE 56380 PORCARO'),(627,48.2259,-1.79917,'16 ALLEE MADAME STAEL 35850 GEVEZE'),(628,47.8817,-1.99685,'LE HAUT BOUINTIN 35330 MAURE DE BRETAGNE'),(629,48.0907,-1.66543,'CHEZ MLLE LUC LALY 35200 RENNES'),(630,47.8992,-1.96683,'LE CHESNOT 35330 MERNEL'),(631,47.7827,-2.0805,'44 RUE DES TEMPLIERS 35550 SIXT SUR AFF'),(632,48.0565,-1.14811,'42 RUE ALAIN ARGENTRE 35370 ARGENTRE DU PLESSIS'),(633,48.0215,-1.20874,'HEINRIERE 35680 DOMALAIN'),(634,47.8792,-2.0995,'LA LANDE BONEAU 35330 COMBLESSAC'),(635,48.0465,-1.61398,'1 RUE GEORGES DE LA TOUR 35770 VERN SUR SEICHE'),(636,47.8064,-1.93748,'4 ALLEE LOUISON BOBET 35550 PIPRIAC'),(637,48.402,-1.26419,'21 BIS RUE DE LA GARE 35133 SAINT GERMAIN EN COGLES'),(638,47.6574,-2.07562,'8 RUE DE LA POUESNAIE 35600 REDON'),(639,48.5319,-2.01643,'27 BIS,  RUE DE LA GESVAIS 22490 PLOUER SUR RANCE'),(640,48.1229,-1.71321,'24 BD D\'ANJOU 35200 RENNES'),(641,48.1119,-1.69239,'19 A RUE DE BREST 35000 RENNES'),(642,47.9292,-1.94175,'6 RUE DE RENNES 35330 LA CHAPELLE BOUEXIC'),(643,47.8042,-1.96781,'LE BREIL AUX OYONS 35550 PIPRIAC'),(644,47.7661,-1.96258,'LES RUES TALMONTS 35550 SAINT JUST'),(645,47.8774,-2.10831,'QUARANQUER 35330 COMBLESSAC'),(646,48.0517,-1.58381,'LE PEILLAC 35770 VERN SUR SEICHE'),(647,47.7661,-1.96258,'16 lot. Lucie Aubrac 35550 ST JUST'),(648,47.6765,-2.04201,'6 LA POSNIERE 35600 SAINTE MARIE DE REDON'),(649,48.3216,-1.69635,'LA BROSSE 35440 DINGE'),(650,48.1059,-1.69182,'9 RUE SURCOUF 35000 RENNES'),(651,47.6703,-2.16305,'CHEZ ROUSSEAU 56350 ALLAIRE'),(652,48.0576,-0.762222,'29 RUE DU GRAVIER 53000 LAVAL'),(653,48.1234,-1.70606,'9 rue de Lorraine 35000 RENNES'),(654,48.2939,-1.66965,'LE TERTRE D\'ILLE 35250 ST MEDARD SUR ILLE'),(655,48.1138,-1.4439,'LE FOUR RICHARD 35530 SERVON SUR VILAINE'),(656,48.119,-1.76231,'RESIDENCE HECTOR BERLIOZ N°3501 35132 VEZIN LE COQUET'),(657,48.1287,-1.65419,'91 AVENUE DE ROCHESTER 35700 RENNES'),(658,47.7541,-1.11287,'2 RUE DES GRES 49420 CHAZE HENRY'),(659,48.3341,-1.84327,'1 RUE THEODORE BOTREL 35190 TINTENIAC'),(660,48.1132,-1.01906,'23 RUE DU MAINE 53410 SAINT PIERRE LA COUR'),(661,47.8744,-2.07744,'1 RUE DOMAINE DU MOULIN 35330 COMBLESSAC'),(662,48.0729,-1.84695,'1 MAIL JEAN-YVES COUSTEAU 35310 MORDELLES'),(663,48.1067,-1.66574,'15 BOULEVARD RENE LAENNEC 35000 RENNES'),(664,48.0522,-1.79692,'4 RUE D\'OUESSANT 35310 CHAVAGNE'),(665,47.8811,-1.42709,'LA COSTARDERIE 35134 COESMES'),(666,48.1217,-1.70916,'1 RUE DU NIVERNAIS 35000 RENNES'),(667,48.0865,-1.67875,'1 ALLEE GOTEBORG 35200 RENNES'),(668,47.8079,-1.15597,'LA HAUTE CHAUSSEE 53800 CONGRIER'),(669,47.5782,-2.12758,'LE PONT DE CRAN 56130 SAINT DOLAY'),(670,47.7893,-1.16158,'LES CLISSAIS 53390 SAINT ERBLON'),(671,47.9341,-1.85036,'LA CHESNAIS FROGYS 35580 GUIGNEN'),(672,47.8079,-2.02394,'LE CHESNOT 35550 BRUC SUR AFF'),(673,48.0778,-1.71267,'60 BD ROGER DODIN 35136 SAINT JACQUES DE LANDE'),(674,48.1035,-1.69394,'1 SQUARE DE S. BERNARD 35000 RENNES'),(675,47.8465,-2.0272,'LA BREHAUDIERE 35330 SAINT SEGLIN'),(676,48.0849,-1.64901,'1, SQUARE DE VARSOVIE 35200 RENNES'),(677,48.0259,-1.75776,'16 RUE DES CADRANS 35170 BRUZ'),(678,48.1299,-1.70502,'10 RUE VICTOR JANTON 35000 RENNES'),(679,48.113,-1.62401,'5 RUE DES MYOSOTIS 35510 CESSONS SEVIGNE'),(680,48.0512,-1.85845,'12 RUE RAOUL FOLLEREAU 35310 BREAL SOUS MONFORT'),(681,47.8956,-1.97686,'31, ANNE DE BRETAGNE 35330 MERNEL'),(682,47.9403,-1.9111,'LA BOUTINAIS 35330 LA CHAPELLE BOUEXIC'),(683,47.8961,-1.96628,'RUE DU STADE 35330 MERNEL'),(684,48.2004,-2.04496,'14 IMPASSE DU CLOS SIARD 35360 MONTAUBAN DE BRETAGNE'),(685,47.8621,-1.93843,'LA FOURCHAIS 35550 LIEURON'),(686,48.0485,-2.15634,'TELHOUET 35380 PAIMPONT'),(687,47.8873,-1.68246,'13 RUE DES AJONCS 35320 POLIGNE'),(688,47.6498,-2.08668,'1 RUE DE LA CALE AUX HUITRES 35600 REDON'),(689,47.9493,-1.97743,'LE BOURG 35330 BOVEL'),(690,47.8925,-1.9844,'34 ROUTE MAURE DE BRETAGNE 35330 MERNEL'),(691,47.9706,-2.17035,'1 IMPASSE DE LA COUDRE 56380 BEIGNON'),(692,47.8089,-1.94644,'LA GLONAIS 35550 PIPRIAC'),(693,47.7044,-1.99353,'12 LA COUPLAIS 35600 STE MARIE'),(694,47.9014,-1.99123,'SAINT MAUR 35330 MERNEL'),(695,47.8956,-1.97686,'14 RUE ANNE DE BRETAGNE 35330 MERNEL'),(696,47.8599,-1.77955,'LA RIVIERE 35480 ST MALO DE PHILY'),(697,47.9195,-2.28577,'2, RUE DES CHATAIGNIERS 56800 AUGAN'),(698,48.3458,-0.876959,'LA DAVIERE 53500 ST DENIS DE GASTINES'),(699,48.1195,-1.60292,'8 RUE DES MYOSOTIS - APPART 32 35510 CESSON SEVIGNE'),(700,48.0861,-1.65482,'14 PARC DES BALKANS 35200 RENNES'),(701,47.7759,-2.07775,'32 RUE ONFFROY DE LA ROSIERE 35550 SIXT / AFF'),(702,47.895,-1.99976,'6 RUE DES GENETS 35330 MAURE DE BRETAGNE'),(703,47.7396,-1.84601,'PORT DE ROCHE 35660 LANGON'),(704,48.0789,-1.71582,'30 MAIL LEON BLUM 35136 ST JACQUES DE LA LANDE'),(705,48.0492,-1.86877,'LES 4 ROUTES 35310 BREAL SOUS MONTFORT'),(706,47.9151,-2.28047,'2 RUE DES BRUYERES 56800 AUGAN'),(707,48.0519,-1.7918,'2 A RUE MONTRICHARD 35310 CHAVAGNE'),(708,48.0409,-1.70729,'6 SQUARE RENE VAUTIER 35131 CHARTRES DE BRETAGNE'),(709,47.8673,-2.10911,'LA TOUCHE MICHELOT 56380 GUER'),(710,48.1468,-1.90199,'8 RUE PAUL GAUGUIN 35160 BRETEIL'),(711,46.8552,-1.00911,'45 RUE DES CORMORANS 85500 LES HERBIERS'),(712,48.3063,-1.67634,'7 HAMEAU DES PECHEURS 35440 MONTREUIL SUR ILLE'),(713,47.6957,-1.09259,'20 RUE DE LA NYMPHE 49520 NOELLET'),(714,48.106,-1.60668,'59 RUE DE LA MONNIAIS 35510 CESSON SEVIGNE'),(715,48.1467,-1.84241,'14 C RUE D\'OUESSANT 35590 SAINT GILLES'),(716,48.5816,-2.78364,'1 RUE DU COMMANDANT L\'HERMINIER 22590 PORDIC'),(717,48.0555,-1.78282,'20 RUE DU CHEMIN VERT 35650 LE RHEU'),(718,48.0982,-1.69968,'6 RUE JULES MANIEZ 35000 RENNES'),(719,52.7031,-1.64346,'7 RUE DE LONDRES 35830 BETTON'),(720,48.094,-1.6778,'7 BD CLEMENCEAU 35000 RENNES'),(721,48.1088,-1.65418,'12 BD VILLEBOIS MAREUIL 35000 RENNES'),(722,48.112,-1.70806,'37 RUE GUILLAUME REGNIER 35000 RENNES'),(723,48.1337,-1.53385,'1 CHEMIN ALBERT LONDRES 35690 ACIGNE'),(724,48.1246,-1.6619,'7 BOULEVARD EMMANUEL MOUNIER 35700 RENNES'),(725,47.7789,-1.83349,'LA BODINAIS DES BOEUVRES 35480 MESSAC'),(726,48.1133,-1.64688,'7 RUE DE LA PIQUETIERE 35000 RENNES'),(727,48.0851,-1.64814,'4 SQUARE DE VARSOVIE 35200 RENNES'),(728,48.1081,-1.70019,'21 RUE DE LORIENT 35000 RENNES'),(729,48.0931,-1.68016,'10 RUE GENERAL NICOLET 35200 RENNES'),(730,48.0874,-1.65874,'11 PLACE DE SERBIE 35200 RENNES'),(731,48.1205,-1.70885,'8 RUE DU BOURBONNAIS 35000 RENNES'),(732,48.107,-1.67191,'25 RUE DUHAMEL 35000 RENNES'),(733,48.0667,-1.78556,'LA GUIGNARDIERE 35310 CHAVAGNE'),(734,48.2463,-1.94671,'5 IMPASSE DE GROIX 35850 IRODOUER'),(735,48.2645,-1.6057,'37 RUE D\'ANTRAIN 35250 SAINT AUBIN D\'AUBIGNE'),(736,48.1416,-1.61193,'46 ROUTE DE FOUGERES 35510 CESSON SEVIGNE'),(737,48.0856,-1.65532,'18 PARC DES BALKANS 35200 RENNES'),(738,48.1263,-1.68544,'3 RUE JULES BODIN 35000 RENNES'),(739,48.4124,-1.37649,'LA GUILLOTIERE 35460 SAINT BRICE EN COGLES'),(740,48.0273,-1.7598,'16 ALLEE DES MESANGES 35170 BRUZ'),(741,47.9878,-1.93216,'7 RUE DU BIGNON 35580 BAULON'),(742,47.8056,-1.93329,'9 RUE COLETTE BESSON 35550 PIPRIAC'),(743,48.191,-1.83259,'2 ALLEE DE LA LANDE 35850 PARTHENAY DE BRETAGNE'),(744,48.0445,-1.46367,'11 COTEAU DU GACEL 35410 ST AUBIN DU PAVAIL'),(745,48.0528,-1.86189,'31 BIS RUE DE MORDELLES 35310 BREAL SOUS MONTFORT'),(746,48.1745,-1.65537,'5 RUE XAVIER GRAAL 35830 BETTON'),(747,47.9005,-1.95131,'DELEX 35330 MERNEL'),(748,47.7759,-2.07775,'32 RUE ONFFROY DE LA ROSIERE 35550 SIXT / AFF'),(749,48.1208,-1.71109,'10 RUE DU BOURBONNAIS 35000 RENNES'),(750,48.325,-1.84566,'2 RUE MONTMURAN 35190 TRIMER'),(751,48.046,-1.5976,'16 RUE DE LA MAILLARDIERE 35770 VERN / SEICHE'),(752,48.0878,-1.68537,'9 RUE DE BELGIQUE 35200 RENNES'),(753,48.0788,-1.70884,'58 RUE KORRIGAN 35136 SAINT JACQUES DE LA LANDE'),(754,48.1363,-1.65506,'3 ALLEE DE COMBOURG 35700 RENNES'),(755,48.1287,-1.63637,'2 SQUARE AUGUSTE DUPOUY 35700 RENNES'),(756,48.1299,-1.65873,'16 RUE POULLART DES PLACES 35700 RENNES'),(757,47.8094,-1.85568,'30 GRAVOT 35480 GUIPRY'),(758,47.2982,-2.18728,'27 AVENUE ERNEST RENAN 44600 SAINT NAZAIRE'),(759,47.3646,-80.8765,'201 LIEU DIT LA DUCHEE 44460 DONGES'),(760,47.3323,-2.15241,'2 LOTISSEMENT DE FURBIN 44550 MONTOIR DE BRETAGNE'),(761,47.3387,-2.36696,'12 ROUTE DU COTEAU DES ETANGS 44350 GUERANDE'),(762,47.36,-1.94352,'5 RUE DE L EGLISE 44260 SAVENAY'),(763,47.519,-2.03963,'10 ROUTE DE REDON 44530 SAINT GILDAS DES BOIS'),(764,47.264,-1.99922,'12 LA NOE DES FONTAINES 44320 SAINT VIAUD'),(765,47.2455,-2.16888,'7 TER AV. PIERRE GUILLOU 44250 SAINT BREVIN LES PINS'),(766,47.4031,-2.05782,'5 LE PLESSIS 44160 BESNE'),(767,47.2045,-2.03977,'2 RUE VILLENEUVE 44320 SAINT PERE EN RETZ'),(768,47.5707,-2.08195,'MALAGUE 44530 SEVERAC'),(769,47.5173,-2.03729,'35 MON PASSE 44530 SAINT GILDAS DES BOIS'),(770,47.3283,-2.14049,'2 RUE DU CHATEAU D EAU 44550 MONTOIR DE BRETAGNE'),(771,47.5712,-2.24048,'BRINGUIN 56130 NIVILLAC'),(772,47.2591,-2.23414,'57 RUE ALPHONSE DAUDET 44600 SAINT NAZAIRE'),(773,47.2627,-2.25941,'21 RUE DES BOULEAUX 44600 SAINT NAZAIRE'),(774,47.325,-2.07096,'10 RUE DULCIE SEPTEMBER 44480 DONGES'),(775,47.3284,-2.18242,'27 RUE DES CAP HORNIERS 44550 MONTOIR DE BRETAGNE'),(776,47.39,-2.09183,'27 LA GERIAIS 44160 BESNE'),(777,47.3434,-2.07926,'612 LA SENCIE 44480 DONGES'),(778,47.371,-2.0509,'7 BIS LE GROS CHENE 44160 BESNE'),(779,47.361,-1.85814,'9 RUE SAINTE CATHERINE 44260 MALVILLE'),(780,47.3891,-2.12208,'27 LE GUE 44160 CROSSAC'),(781,47.506,-2.04342,'9 RUE GOURAP 44530 SAINT GILDAS DES BOIS'),(782,47.3178,-2.07526,'6 RUE VICE AMIRAL HALGAND 44480 DONGES'),(783,47.3246,-2.07888,'9 RUE PROVENCE 44480 DONGES'),(784,47.5173,-2.03729,'2 ROUTE DES MARRES NEUVES 44530 SAINT GILDAS DES BOIS'),(785,47.3433,-2.35958,'9 IMPASSE DE KERGOURDIN 44350 GUERANDE'),(786,47.3541,-2.3465,'6 CHEMIN DE BRETINEAU 44350 GUERANDE'),(787,47.4508,-2.24336,'49 RUE DE TREELAND 44410 LA CHAPELLE DES MARAIS'),(788,48.1498,-1.57982,'16 RUE DU CHARRON 35235 THORIGNE FOUILLARD'),(789,47.2553,-2.07761,'LA BARILLAIS 44560 CORSEPT'),(790,47.9766,-2.17471,'1 RUE DES GENETS 56380 ST MALO DE BEIGNON'),(791,48.1285,-1.63617,'22 SQUARE AUGUSTE DUPOUY 35700 RENNES'),(792,48.2458,-1.46239,'4 BIS RUE DU RELAIS 35140 GOSNE'),(793,47.8922,-1.99188,'26 BIS RUE DE GUER 35330 MAURE DE BRETAGNE'),(794,48.056,-2.98697,'9 IMPASSE DE PARK ER GLUD 56300 PONTIVY'),(795,48.0894,-1.64018,'7 SQUARE DU Gal C. DELESTRAINT 35200 RENNES'),(796,47.6178,-2.23377,'LIEU DIT TRY 56350 BEGANNE'),(797,47.9933,-1.66529,'3 RUE RENE CHATEAUBRIANT 35230 ORGERES'),(798,47.3755,0.714045,'9 JARDIN BOUZIGNAC 37000 TOURS'),(799,48.6582,-1.99678,'7 RUE DE COURTOISVILLE 35400 ST MALO'),(800,43.7223,7.10636,'102 AV. HENRY GIROUD 06140 VENCE'),(801,43.5321,6.92203,'RESIDENCE LE CEZANNE - BAT B 06150 CANNES LA BOCCA'),(802,48.1018,-1.67038,'19 RUE DE QUINELEU 35000 RENNES'),(803,47.9078,-2.02644,'QUERCAULT 35330 MAURE DE BRETAGNE'),(804,48.0844,-1.65696,'3 SQUARE DE MACEDOINE 35200 RENNES'),(805,48.02,-1.71112,'6 AVENUE PIERRE DE CONBERTIN 35131 PONT PEAN'),(806,47.6909,-0.800982,'14 RUE DE L\'OUDON 49500 LOUVAINES'),(807,47.9519,-2.12496,'39 ROUTE DE LA RUEZIE 56380 GUER'),(808,48.2207,-1.70258,'2 RUE ROGER VERCEL 35520 MELESSE'),(809,47.6507,-2.08394,'ASS DUO SOLIDARITE-CHEZ M ROUX J 35600 REDON'),(810,48.5362,-2.97602,'12 RUE DES PROMENADES 22170 CHATELAUDREN'),(811,48.108,-1.68544,'4 RUE DE LA MOTTE PICQUET 35000 RENNES'),(812,47.6757,-2.95717,'7 RUE YVON NICOLAZIC 56400 PLUNERET'),(813,47.3705,-1.97246,'8 RUE DU TERTRE 44260 LA CHAPELLE LAUNAY'),(814,46.9969,-1.81414,'26 BOULEVARD PAS RENOU 44270 MACHECOUL'),(815,47.3623,-2.01482,'MAISON DE LA COUR 44260 PRINQUIAU'),(816,48.1223,-1.68151,'FJT 8 AVENUE GROS MALHON 35000 RENNES'),(817,48.1296,-1.64246,'5 ALLEE HENRI COLLAS 35700 RENNES'),(818,48.0799,-1.98578,'Iffendic, France'),(821,47.9826,-1.55182,'Corps-Nuds, France'),(822,48.1899,-1.86768,'Pleumeleuc, France'),(823,47.9439,-1.66168,'Crévin, France'),(824,47.8703,-1.76331,'Pléchâtel, France'),(825,48.0542,-1.51611,'Châteaugiron, France'),(826,48.1862,-1.54633,'Liffré, France'),(827,48.1734,-1.64246,'Betton, France'),(828,48.0505,-2.0929,'Paimpont, France'),(829,48.0156,-1.87592,'Goven, France'),(830,48.2064,-2.16705,'Saint-Méen-le-Grand, France'),(831,48.2777,-2.04071,'Médréac, France'),(832,48.1349,-2.12036,'Saint-Maugan, France'),(833,48.0046,-2.11761,'Paimpont, France'),(834,47.9715,-2.01599,'Maxent, France'),(835,48.0983,-2.22473,'Gaël, France'),(836,47.9016,-1.50787,'La Couyère, France'),(837,48.243,-1.68365,'Melesse, France'),(838,48.2704,-1.87592,'La Chapelle-Chaussée, France'),(839,48.1972,-2.00226,'Le Lou-du-Lac, France'),(840,48.1276,-1.49963,'35690 Acigné, France'),(841,48.285,-1.45844,'Mézières-sur-Couesnon, France'),(842,48.2228,-1.39252,'Livré-sur-Changeon, France'),(843,48.1441,-1.41724,'Châteaubourg, France'),(844,48.1258,-1.32111,'Saint-Jean-sur-Vilaine, France'),(845,48.0799,-1.36505,'Domagné, France'),(846,47.9605,-1.4447,'Esse, France'),(847,48.0285,-1.32385,'Bais, France'),(848,47.9016,-1.4035,'Le Theil-de-Bretagne, France'),(849,47.2614,-2.26785,'Rue michel ange st nazaire'),(850,48.1025,-1.69468,'22 Rue Claude Bernard, 35000 Rennes, France'),(851,48.2756,-3.57419,'carhaix 29270'),(852,47.3188,-2.07469,'donges 44'),(853,47.9443,-1.23958,'Faubourg de Rennes La Guerche de Bretagne');
/*!40000 ALTER TABLE `POSITION` ENABLE KEYS */;
UNLOCK TABLES;

--
-- Table structure for table `QUALIFICATION`
--

DROP TABLE IF EXISTS `QUALIFICATION`;
/*!40101 SET @saved_cs_client     = @@character_set_client */;
/*!40101 SET character_set_client = utf8 */;
CREATE TABLE `QUALIFICATION` (
  `ID` int(10) unsigned NOT NULL AUTO_INCREMENT,
  `NAME` varchar(30) NOT NULL,
  PRIMARY KEY (`ID`)
) ENGINE=InnoDB AUTO_INCREMENT=9 DEFAULT CHARSET=utf8;
/*!40101 SET character_set_client = @saved_cs_client */;

--
-- Dumping data for table `QUALIFICATION`
--

LOCK TABLES `QUALIFICATION` WRITE;
/*!40000 ALTER TABLE `QUALIFICATION` DISABLE KEYS */;
INSERT INTO `QUALIFICATION` VALUES (1,'ETAM'),(2,'N4P2'),(3,'N4P1'),(4,'N3P2'),(5,'N3P1'),(6,'N2'),(7,'N1P2'),(8,'N1P1');
/*!40000 ALTER TABLE `QUALIFICATION` ENABLE KEYS */;
UNLOCK TABLES;

--
-- Table structure for table `SHUTTLE`
--

DROP TABLE IF EXISTS `SHUTTLE`;
/*!40101 SET @saved_cs_client     = @@character_set_client */;
/*!40101 SET character_set_client = utf8 */;
CREATE TABLE `SHUTTLE` (
  `ID` int(10) unsigned NOT NULL AUTO_INCREMENT,
  `ID_DRIVER` int(10) unsigned NOT NULL,
  `ID_CAR` int(10) unsigned NOT NULL,
  `ID_PHASE` int(10) unsigned NOT NULL,
  PRIMARY KEY (`ID`),
  KEY `FK_SHUTTLE_ID_DRIVER` (`ID_DRIVER`),
  KEY `FK_SHUTTLE_ID_CAR` (`ID_CAR`),
  KEY `FK_SHUTTLE_ID_PHASE` (`ID_PHASE`),
  CONSTRAINT `FK_SHUTTLE_ID_CAR` FOREIGN KEY (`ID_CAR`) REFERENCES `CAR` (`ID`) ON DELETE CASCADE,
  CONSTRAINT `FK_SHUTTLE_ID_DRIVER` FOREIGN KEY (`ID_DRIVER`) REFERENCES `WORKER` (`ID`) ON DELETE CASCADE,
  CONSTRAINT `FK_SHUTTLE_ID_PHASE` FOREIGN KEY (`ID_PHASE`) REFERENCES `PHASE` (`ID`) ON DELETE CASCADE
) ENGINE=InnoDB DEFAULT CHARSET=utf8;
/*!40101 SET character_set_client = @saved_cs_client */;

--
-- Dumping data for table `SHUTTLE`
--

LOCK TABLES `SHUTTLE` WRITE;
/*!40000 ALTER TABLE `SHUTTLE` DISABLE KEYS */;
/*!40000 ALTER TABLE `SHUTTLE` ENABLE KEYS */;
UNLOCK TABLES;

--
-- Table structure for table `SITE`
--

DROP TABLE IF EXISTS `SITE`;
/*!40101 SET @saved_cs_client     = @@character_set_client */;
/*!40101 SET character_set_client = utf8 */;
CREATE TABLE `SITE` (
  `ID` int(10) unsigned NOT NULL AUTO_INCREMENT,
  `NUM_SITE` varchar(9) NOT NULL,
  `NAME` varchar(255) NOT NULL,
  `SITE_MASTER` varchar(30) NOT NULL,
  `SITE_MANAGER` varchar(30) NOT NULL,
  `DATE_INIT` date NOT NULL,
  `DATE_END` date NOT NULL,
  `ID_POSITION` int(10) unsigned NOT NULL,
  `COLOR` varchar(30) NOT NULL,
  PRIMARY KEY (`ID`),
  KEY `FK_SITE_ID_POSITION` (`ID_POSITION`),
  CONSTRAINT `FK_SITE_ID_POSITION` FOREIGN KEY (`ID_POSITION`) REFERENCES `POSITION` (`ID`) ON DELETE NO ACTION
) ENGINE=InnoDB AUTO_INCREMENT=32 DEFAULT CHARSET=utf8;
/*!40101 SET character_set_client = @saved_cs_client */;

--
-- Dumping data for table `SITE`
--

LOCK TABLES `SITE` WRITE;
/*!40000 ALTER TABLE `SITE` DISABLE KEYS */;
INSERT INTO `SITE` VALUES (1,'13003NANT','Cap Eolia - Nantes','WALLET Guy','BODERE Vincent','2014-06-01','2014-12-31',512,'#fff240'),(2,'12019RENN','Les Manades','?','BODERE Vincent','2014-06-01','2014-12-31',513,'#fff240'),(3,'12032STJA','Mairie - St Jacques','?','BODERE Vincent','2014-06-01','2014-12-31',514,'#f9ffc2'),(4,'12005STHE','4 Saisons - St Herblain','?','FORTIN Paul-Henri','2014-06-01','2014-12-31',515,'#00a0fb'),(5,'14001NANT','Ilot Presse Océan - Nantes','?','FORTIN Paul-Henri','2014-06-01','2014-12-31',516,'#3000d3'),(6,'13024RENN','Cité internationale - Rennes','?','FORTIN Paul-Henri','2014-06-01','2014-12-31',517,'#5486ff'),(7,'12027DINA','kersao','?','GUERGNON Mathieu','2014-06-01','2014-12-31',519,'#23b500'),(8,'12033STNA','EHPAD G1/G2 - St Nazaire','?','GUERGNON Mathieu','2014-06-01','2014-12-31',520,'#23b500'),(9,'12031REDO','EHPAD les charmilles','?','GUERGNON Mathieu','2014-06-01','2014-12-31',521,'#23b500'),(10,'14002NANT','Gymnase St Joseph','?','GUERGNON Mathieu','2014-06-01','2014-12-31',522,'#23b500'),(11,'13016TRIG','OCEANE - Trignac','?','GUERGNON Mathieu','2014-06-01','2014-12-31',523,'#86ffac'),(12,'14004RENN','Lot 3 Métro','Ballard Olivier','GUERGNON Mathieu','2014-06-01','2014-12-31',524,'#40ff8d'),(13,'12020JANZ','Piscine - Janzé','?','JULES','2014-06-01','2014-12-31',525,'#6700d3'),(14,'12036NANT','High Park - Nantes','?','JULES','2014-06-01','2014-12-31',526,'#6700d3'),(15,'13025STGI','Mairie - Saint Gilles','?','JULES','2014-06-01','2014-12-31',527,'#6700d3'),(16,'13017CAGN','Polygone Riviera - Cagnes sur Mer','?','MASSIOT Régis','2014-06-01','2014-12-31',528,'#ff8a18'),(17,'13021CAGN','Polygone Riviera Zone A)','?','MASSIOT Régis','2014-06-01','2014-12-31',529,'#ffcc2c'),(18,'13022RENN','ZAC B Duval - Ilot B7','?','NAIGEON Marc','2014-06-01','2014-12-31',530,'#fb00a0'),(19,'13001RENN','Equipement Socio Culturel - Rennes','?','NAIGEON Marc','2014-06-01','2014-12-31',531,'#fb00a0'),(20,'13002RENN','maison des associations - Rennes','?','NAIGEON Marc','2014-06-01','2014-12-31',532,'#fb00a0'),(21,'13023RENN','ZAC B Duval - ilot C2','?','NAIGEON Marc','2014-06-01','2014-12-31',533,'#f35eff'),(22,'13007STHI','CH - Saint Hilaire','?','NAIGEON Marc','2014-06-01','2014-12-31',534,'#fb00a0'),(23,'13014PLES','Villa Natura - Plescop','?','OGERON Clément','2014-06-01','2014-12-31',535,'#00a187'),(24,'12023AURA','Kerfanny - Auray','?','OGERON Clément','2014-06-01','2014-12-31',536,'#00a187'),(25,'12035NANT','Crédit agricole CA44','?','OGERON Clément','2014-06-01','2014-12-31',537,'#00834c'),(26,'13013ANG','CHU - Angers','?','OGERON Clément','2014-06-01','2014-12-31',538,'#00a187'),(27,'14005STNA','Le ponant','?','?','2014-06-01','2014-12-31',849,'#ff0000'),(28,'14006RENN','Bouygues','?','?','2014-06-01','2014-12-31',850,'#ff9aa6'),(29,'14007CARH','Carhaix','?','?','2014-06-01','2014-12-31',851,'#ff0e6a'),(30,'14008DONG','Donges','?','?','2014-06-01','2014-12-31',852,'#ab2323'),(31,'14009GUER','La Guerche','?','?','2014-06-01','2014-12-31',853,'#f17070');
/*!40000 ALTER TABLE `SITE` ENABLE KEYS */;
UNLOCK TABLES;
/*!50003 SET @saved_cs_client      = @@character_set_client */ ;
/*!50003 SET @saved_cs_results     = @@character_set_results */ ;
/*!50003 SET @saved_col_connection = @@collation_connection */ ;
/*!50003 SET character_set_client  = latin1 */ ;
/*!50003 SET character_set_results = latin1 */ ;
/*!50003 SET collation_connection  = latin1_swedish_ci */ ;
/*!50003 SET @saved_sql_mode       = @@sql_mode */ ;
/*!50003 SET sql_mode              = '' */ ;
DELIMITER ;;
/*!50003 CREATE*/ /*!50017 DEFINER=`root`@`localhost`*/ /*!50003 TRIGGER `optraj_bdd`.`POS_SITE_DELETE`
AFTER DELETE ON `optraj_bdd`.`SITE`
FOR EACH ROW
DELETE FROM POSITION WHERE ID=old.ID_POSITION */;;
DELIMITER ;
/*!50003 SET sql_mode              = @saved_sql_mode */ ;
/*!50003 SET character_set_client  = @saved_cs_client */ ;
/*!50003 SET character_set_results = @saved_cs_results */ ;
/*!50003 SET collation_connection  = @saved_col_connection */ ;

--
-- Table structure for table `UNAVAILABILITY`
--

DROP TABLE IF EXISTS `UNAVAILABILITY`;
/*!40101 SET @saved_cs_client     = @@character_set_client */;
/*!40101 SET character_set_client = utf8 */;
CREATE TABLE `UNAVAILABILITY` (
  `NUM_WEEK` int(11) NOT NULL,
  `NUM_YEAR` int(11) NOT NULL,
  `ID_WORKER` int(10) unsigned NOT NULL,
  `TYPE` varchar(45) DEFAULT NULL,
  PRIMARY KEY (`NUM_YEAR`,`ID_WORKER`,`NUM_WEEK`),
  KEY `FK_ID_WORKER` (`ID_WORKER`),
  CONSTRAINT `FK_ID_WORKER` FOREIGN KEY (`ID_WORKER`) REFERENCES `WORKER` (`ID`) ON DELETE CASCADE ON UPDATE NO ACTION
) ENGINE=InnoDB DEFAULT CHARSET=utf8;
/*!40101 SET character_set_client = @saved_cs_client */;

--
-- Dumping data for table `UNAVAILABILITY`
--

LOCK TABLES `UNAVAILABILITY` WRITE;
/*!40000 ALTER TABLE `UNAVAILABILITY` DISABLE KEYS */;
INSERT INTO `UNAVAILABILITY` VALUES (26,2014,2,'Maladie / AT'),(27,2014,2,'Maladie / AT'),(28,2014,2,'Maladie / AT'),(29,2014,2,'Maladie / AT'),(30,2014,2,'Maladie / AT'),(31,2014,2,'Maladie / AT'),(32,2014,2,'Maladie / AT'),(33,2014,2,'Maladie / AT'),(34,2014,2,'Maladie / AT'),(35,2014,2,'Maladie / AT'),(36,2014,2,'Maladie / AT'),(26,2014,3,'cagnes'),(27,2014,3,'cagnes'),(28,2014,3,'cagnes'),(29,2014,3,'cagnes'),(30,2014,3,'cagnes'),(31,2014,3,'cagnes'),(32,2014,3,'cagnes'),(33,2014,3,'cagnes'),(34,2014,3,'cagnes'),(35,2014,3,'cagnes'),(36,2014,3,'cagnes'),(26,2014,4,'cagnes'),(27,2014,4,'cagnes'),(28,2014,4,'cagnes'),(29,2014,4,'cagnes'),(30,2014,4,'cagnes'),(31,2014,4,'cagnes'),(32,2014,4,'cagnes'),(33,2014,4,'cagnes'),(34,2014,4,'cagnes'),(35,2014,4,'cagnes'),(36,2014,4,'cagnes'),(26,2014,5,'cagnes'),(27,2014,5,'cagnes'),(28,2014,5,'cagnes'),(29,2014,5,'cagnes'),(30,2014,5,'cagnes'),(31,2014,5,'cagnes'),(32,2014,5,'cagnes'),(33,2014,5,'cagnes'),(34,2014,5,'cagnes'),(35,2014,5,'cagnes'),(36,2014,5,'cagnes'),(28,2014,12,'retraite'),(29,2014,12,'retraite'),(30,2014,12,'retraite'),(31,2014,12,'retraite'),(32,2014,12,'retraite'),(33,2014,12,'retraite'),(34,2014,12,'retraite'),(35,2014,12,'retraite'),(36,2014,12,'retraite'),(26,2014,15,'cagnes'),(27,2014,15,'cagnes'),(28,2014,15,'cagnes'),(29,2014,15,'cagnes'),(30,2014,15,'cagnes'),(31,2014,15,'cagnes'),(32,2014,15,'cagnes'),(33,2014,15,'cagnes'),(34,2014,15,'cagnes'),(35,2014,15,'cagnes'),(36,2014,15,'cagnes'),(26,2014,16,'cagnes'),(27,2014,16,'cagnes'),(28,2014,16,'cagnes'),(29,2014,16,'cagnes'),(30,2014,16,'cagnes'),(31,2014,16,'cagnes'),(32,2014,16,'cagnes'),(33,2014,16,'cagnes'),(34,2014,16,'cagnes'),(35,2014,16,'cagnes'),(36,2014,16,'cagnes'),(26,2014,17,'cagnes'),(27,2014,17,'cagnes'),(28,2014,17,'cagnes'),(29,2014,17,'cagnes'),(30,2014,17,'cagnes'),(31,2014,17,'cagnes'),(32,2014,17,'cagnes'),(33,2014,17,'cagnes'),(34,2014,17,'cagnes'),(35,2014,17,'cagnes'),(36,2014,17,'cagnes'),(26,2014,18,'Maladie / AT'),(27,2014,18,'Maladie / AT'),(28,2014,18,'Maladie / AT'),(29,2014,18,'Maladie / AT'),(30,2014,18,'Maladie / AT'),(31,2014,18,'Maladie / AT'),(32,2014,18,'Maladie / AT'),(33,2014,18,'Maladie / AT'),(34,2014,18,'Maladie / AT'),(35,2014,18,'Maladie / AT'),(36,2014,18,'Maladie / AT'),(26,2014,19,'cagnes'),(27,2014,19,'cagnes'),(28,2014,19,'cagnes'),(29,2014,19,'cagnes'),(30,2014,19,'cagnes'),(31,2014,19,'cagnes'),(32,2014,19,'cagnes'),(33,2014,19,'cagnes'),(34,2014,19,'cagnes'),(35,2014,19,'cagnes'),(36,2014,19,'cagnes'),(26,2014,21,'depot'),(27,2014,21,'depot'),(28,2014,21,'depot'),(29,2014,21,'depot'),(30,2014,21,'depot'),(31,2014,21,'depot'),(32,2014,21,'depot'),(33,2014,21,'depot'),(34,2014,21,'depot'),(35,2014,21,'depot'),(36,2014,21,'depot'),(26,2014,23,'cagnes'),(27,2014,23,'cagnes'),(28,2014,23,'cagnes'),(29,2014,23,'cagnes'),(30,2014,23,'cagnes'),(31,2014,23,'cagnes'),(32,2014,23,'cagnes'),(33,2014,23,'cagnes'),(34,2014,23,'cagnes'),(35,2014,23,'cagnes'),(36,2014,23,'cagnes'),(26,2014,24,'cagnes'),(27,2014,24,'cagnes'),(28,2014,24,'cagnes'),(29,2014,24,'cagnes'),(30,2014,24,'cagnes'),(31,2014,24,'cagnes'),(32,2014,24,'cagnes'),(33,2014,24,'cagnes'),(34,2014,24,'cagnes'),(35,2014,24,'cagnes'),(36,2014,24,'cagnes'),(26,2014,25,'cagnes'),(27,2014,25,'cagnes'),(28,2014,25,'cagnes'),(29,2014,25,'cagnes'),(30,2014,25,'cagnes'),(31,2014,25,'cagnes'),(32,2014,25,'cagnes'),(33,2014,25,'cagnes'),(34,2014,25,'cagnes'),(35,2014,25,'cagnes'),(36,2014,25,'cagnes'),(26,2014,27,'depot'),(27,2014,27,'depot'),(28,2014,27,'depot'),(29,2014,27,'depot'),(30,2014,27,'depot'),(31,2014,27,'depot'),(32,2014,27,'depot'),(33,2014,27,'depot'),(34,2014,27,'depot'),(35,2014,27,'depot'),(36,2014,27,'depot'),(26,2014,30,'Maladie / AT'),(27,2014,30,'Maladie / AT'),(28,2014,30,'Maladie / AT'),(29,2014,30,'Maladie / AT'),(30,2014,30,'Maladie / AT'),(31,2014,30,'Maladie / AT'),(32,2014,30,'Maladie / AT'),(33,2014,30,'Maladie / AT'),(34,2014,30,'Maladie / AT'),(35,2014,30,'Maladie / AT'),(36,2014,30,'Maladie / AT'),(26,2014,32,'cagnes'),(27,2014,32,'cagnes'),(28,2014,32,'cagnes'),(29,2014,32,'cagnes'),(30,2014,32,'cagnes'),(31,2014,32,'cagnes'),(32,2014,32,'cagnes'),(33,2014,32,'cagnes'),(34,2014,32,'cagnes'),(35,2014,32,'cagnes'),(36,2014,32,'cagnes'),(26,2014,42,'Maladie / AT'),(27,2014,42,'Maladie / AT'),(28,2014,42,'Maladie / AT'),(29,2014,42,'Maladie / AT'),(30,2014,42,'Maladie / AT'),(31,2014,42,'Maladie / AT'),(32,2014,42,'Maladie / AT'),(33,2014,42,'Maladie / AT'),(34,2014,42,'Maladie / AT'),(35,2014,42,'Maladie / AT'),(36,2014,42,'Maladie / AT'),(26,2014,44,'depot'),(27,2014,44,'depot'),(28,2014,44,'depot'),(29,2014,44,'depot'),(30,2014,44,'depot'),(31,2014,44,'depot'),(32,2014,44,'depot'),(33,2014,44,'depot'),(34,2014,44,'depot'),(35,2014,44,'depot'),(36,2014,44,'depot'),(26,2014,51,'depot'),(27,2014,51,'depot'),(28,2014,51,'depot'),(29,2014,51,'depot'),(30,2014,51,'depot'),(31,2014,51,'depot'),(32,2014,51,'depot'),(33,2014,51,'depot'),(34,2014,51,'depot'),(35,2014,51,'depot'),(36,2014,51,'depot'),(26,2014,52,'cagnes'),(27,2014,52,'cagnes'),(28,2014,52,'cagnes'),(29,2014,52,'cagnes'),(30,2014,52,'cagnes'),(31,2014,52,'cagnes'),(32,2014,52,'cagnes'),(33,2014,52,'cagnes'),(34,2014,52,'cagnes'),(35,2014,52,'cagnes'),(36,2014,52,'cagnes'),(26,2014,54,'cagnes'),(27,2014,54,'cagnes'),(28,2014,54,'cagnes'),(29,2014,54,'cagnes'),(30,2014,54,'cagnes'),(31,2014,54,'cagnes'),(32,2014,54,'cagnes'),(33,2014,54,'cagnes'),(34,2014,54,'cagnes'),(35,2014,54,'cagnes'),(36,2014,54,'cagnes'),(26,2014,55,'depot'),(27,2014,55,'depot'),(28,2014,55,'depot'),(29,2014,55,'depot'),(30,2014,55,'depot'),(31,2014,55,'depot'),(32,2014,55,'depot'),(33,2014,55,'depot'),(34,2014,55,'depot'),(35,2014,55,'depot'),(36,2014,55,'depot'),(26,2014,58,'Maladie / AT'),(27,2014,58,'Maladie / AT'),(28,2014,58,'Maladie / AT'),(29,2014,58,'Maladie / AT'),(30,2014,58,'Maladie / AT'),(31,2014,58,'Maladie / AT'),(32,2014,58,'Maladie / AT'),(33,2014,58,'Maladie / AT'),(34,2014,58,'Maladie / AT'),(35,2014,58,'Maladie / AT'),(36,2014,58,'Maladie / AT'),(36,2014,59,'conges'),(27,2014,62,'conges'),(28,2014,62,'conges'),(26,2014,69,'dépot'),(27,2014,69,'dépot'),(28,2014,69,'dépot'),(29,2014,69,'dépot'),(30,2014,69,'dépot'),(31,2014,69,'dépot'),(32,2014,69,'dépot'),(33,2014,69,'dépot'),(34,2014,69,'dépot'),(35,2014,69,'dépot'),(36,2014,69,'dépot'),(26,2014,70,'cagnes'),(27,2014,70,'cagnes'),(28,2014,70,'cagnes'),(29,2014,70,'cagnes'),(30,2014,70,'cagnes'),(31,2014,70,'cagnes'),(32,2014,70,'cagnes'),(33,2014,70,'cagnes'),(34,2014,70,'cagnes'),(35,2014,70,'cagnes'),(36,2014,70,'cagnes'),(26,2014,74,'Maladie / AT'),(27,2014,74,'Maladie / AT'),(28,2014,74,'Maladie / AT'),(29,2014,74,'Maladie / AT'),(30,2014,74,'Maladie / AT'),(31,2014,74,'Maladie / AT'),(32,2014,74,'Maladie / AT'),(33,2014,74,'Maladie / AT'),(34,2014,74,'Maladie / AT'),(35,2014,74,'Maladie / AT'),(36,2014,74,'Maladie / AT'),(26,2014,75,'cagnes'),(27,2014,75,'cagnes'),(28,2014,75,'cagnes'),(29,2014,75,'cagnes'),(30,2014,75,'cagnes'),(31,2014,75,'cagnes'),(32,2014,75,'cagnes'),(33,2014,75,'cagnes'),(34,2014,75,'cagnes'),(35,2014,75,'cagnes'),(36,2014,75,'cagnes'),(26,2014,76,'dépot'),(27,2014,76,'dépot'),(28,2014,76,'dépot'),(29,2014,76,'dépot'),(30,2014,76,'dépot'),(31,2014,76,'dépot'),(32,2014,76,'dépot'),(33,2014,76,'dépot'),(34,2014,76,'dépot'),(35,2014,76,'dépot'),(36,2014,76,'dépot'),(26,2014,77,'Maladie / AT'),(27,2014,77,'Maladie / AT'),(28,2014,77,'Maladie / AT'),(29,2014,77,'Maladie / AT'),(30,2014,77,'Maladie / AT'),(31,2014,77,'Maladie / AT'),(32,2014,77,'Maladie / AT'),(33,2014,77,'Maladie / AT'),(34,2014,77,'Maladie / AT'),(35,2014,77,'Maladie / AT'),(36,2014,77,'Maladie / AT'),(26,2014,81,'cagnes'),(27,2014,81,'cagnes'),(28,2014,81,'cagnes'),(29,2014,81,'cagnes'),(30,2014,81,'cagnes'),(31,2014,81,'cagnes'),(32,2014,81,'cagnes'),(33,2014,81,'cagnes'),(34,2014,81,'cagnes'),(35,2014,81,'cagnes'),(36,2014,81,'cagnes'),(26,2014,86,'cagnes'),(27,2014,86,'cagnes'),(28,2014,86,'cagnes'),(29,2014,86,'cagnes'),(30,2014,86,'cagnes'),(31,2014,86,'cagnes'),(32,2014,86,'cagnes'),(33,2014,86,'cagnes'),(34,2014,86,'cagnes'),(35,2014,86,'cagnes'),(36,2014,86,'cagnes'),(26,2014,88,'depot'),(27,2014,88,'depot'),(28,2014,88,'depot'),(29,2014,88,'depot'),(30,2014,88,'depot'),(31,2014,88,'depot'),(32,2014,88,'depot'),(33,2014,88,'depot'),(34,2014,88,'depot'),(35,2014,88,'depot'),(36,2014,88,'depot'),(26,2014,93,'depot'),(27,2014,93,'depot'),(28,2014,93,'depot'),(29,2014,93,'depot'),(30,2014,93,'depot'),(31,2014,93,'depot'),(32,2014,93,'depot'),(33,2014,93,'depot'),(34,2014,93,'depot'),(35,2014,93,'depot'),(36,2014,93,'depot'),(26,2014,97,'cagnes'),(27,2014,97,'cagnes'),(28,2014,97,'cagnes'),(29,2014,97,'cagnes'),(30,2014,97,'cagnes'),(31,2014,97,'cagnes'),(32,2014,97,'cagnes'),(33,2014,97,'cagnes'),(34,2014,97,'cagnes'),(35,2014,97,'cagnes'),(36,2014,97,'cagnes'),(26,2014,103,'cagnes'),(27,2014,103,'cagnes'),(28,2014,103,'cagnes'),(29,2014,103,'cagnes'),(30,2014,103,'cagnes'),(31,2014,103,'cagnes'),(32,2014,103,'cagnes'),(33,2014,103,'cagnes'),(34,2014,103,'cagnes'),(35,2014,103,'cagnes'),(36,2014,103,'cagnes'),(26,2014,104,'depot'),(27,2014,104,'depot'),(28,2014,104,'depot'),(29,2014,104,'depot'),(30,2014,104,'depot'),(31,2014,104,'depot'),(32,2014,104,'depot'),(33,2014,104,'depot'),(34,2014,104,'depot'),(35,2014,104,'depot'),(36,2014,104,'depot'),(26,2014,105,'depot'),(27,2014,105,'depot'),(28,2014,105,'depot'),(29,2014,105,'depot'),(30,2014,105,'depot'),(31,2014,105,'depot'),(32,2014,105,'depot'),(33,2014,105,'depot'),(34,2014,105,'depot'),(35,2014,105,'depot'),(36,2014,105,'depot'),(26,2014,108,'cagnes'),(27,2014,108,'cagnes'),(28,2014,108,'cagnes'),(29,2014,108,'cagnes'),(30,2014,108,'cagnes'),(31,2014,108,'cagnes'),(32,2014,108,'cagnes'),(33,2014,108,'cagnes'),(34,2014,108,'cagnes'),(35,2014,108,'cagnes'),(36,2014,108,'cagnes'),(26,2014,112,'cagnes'),(27,2014,112,'cagnes'),(28,2014,112,'cagnes'),(29,2014,112,'cagnes'),(30,2014,112,'cagnes'),(31,2014,112,'cagnes'),(32,2014,112,'cagnes'),(33,2014,112,'cagnes'),(34,2014,112,'cagnes'),(35,2014,112,'cagnes'),(36,2014,112,'cagnes'),(26,2014,115,'cagnes'),(27,2014,115,'cagnes'),(28,2014,115,'cagnes'),(29,2014,115,'cagnes'),(30,2014,115,'cagnes'),(31,2014,115,'cagnes'),(32,2014,115,'cagnes'),(33,2014,115,'cagnes'),(34,2014,115,'cagnes'),(35,2014,115,'cagnes'),(36,2014,115,'cagnes'),(26,2014,118,'cagnes'),(27,2014,118,'cagnes'),(28,2014,118,'cagnes'),(29,2014,118,'cagnes'),(30,2014,118,'cagnes'),(31,2014,118,'cagnes'),(32,2014,118,'cagnes'),(33,2014,118,'cagnes'),(34,2014,118,'cagnes'),(35,2014,118,'cagnes'),(36,2014,118,'cagnes'),(26,2014,119,'cagnes'),(27,2014,119,'cagnes'),(28,2014,119,'cagnes'),(29,2014,119,'cagnes'),(30,2014,119,'cagnes'),(31,2014,119,'cagnes'),(32,2014,119,'cagnes'),(33,2014,119,'cagnes'),(34,2014,119,'cagnes'),(35,2014,119,'cagnes'),(36,2014,119,'cagnes'),(26,2014,120,'cagnes'),(27,2014,120,'cagnes'),(28,2014,120,'cagnes'),(29,2014,120,'cagnes'),(30,2014,120,'cagnes'),(31,2014,120,'cagnes'),(32,2014,120,'cagnes'),(33,2014,120,'cagnes'),(34,2014,120,'cagnes'),(35,2014,120,'cagnes'),(36,2014,120,'cagnes'),(26,2014,121,'cagnes'),(27,2014,121,'cagnes'),(28,2014,121,'cagnes'),(29,2014,121,'cagnes'),(30,2014,121,'cagnes'),(31,2014,121,'cagnes'),(32,2014,121,'cagnes'),(33,2014,121,'cagnes'),(34,2014,121,'cagnes'),(35,2014,121,'cagnes'),(36,2014,121,'cagnes'),(26,2014,123,'depot'),(27,2014,123,'depot'),(28,2014,123,'depot'),(29,2014,123,'depot'),(30,2014,123,'depot'),(31,2014,123,'depot'),(32,2014,123,'depot'),(33,2014,123,'depot'),(34,2014,123,'depot'),(35,2014,123,'depot'),(36,2014,123,'depot'),(26,2014,130,'Maladie / AT'),(27,2014,130,'Maladie / AT'),(28,2014,130,'Maladie / AT'),(29,2014,130,'Maladie / AT'),(30,2014,130,'Maladie / AT'),(31,2014,130,'Maladie / AT'),(32,2014,130,'Maladie / AT'),(33,2014,130,'Maladie / AT'),(34,2014,130,'Maladie / AT'),(35,2014,130,'Maladie / AT'),(36,2014,130,'Maladie / AT'),(26,2014,133,'cagnes'),(27,2014,133,'cagnes'),(28,2014,133,'cagnes'),(29,2014,133,'cagnes'),(30,2014,133,'cagnes'),(31,2014,133,'cagnes'),(32,2014,133,'cagnes'),(33,2014,133,'cagnes'),(34,2014,133,'cagnes'),(35,2014,133,'cagnes'),(36,2014,133,'cagnes'),(26,2014,134,'depot'),(27,2014,134,'depot'),(28,2014,134,'depot'),(29,2014,134,'depot'),(30,2014,134,'depot'),(31,2014,134,'depot'),(32,2014,134,'depot'),(33,2014,134,'depot'),(34,2014,134,'depot'),(35,2014,134,'depot'),(36,2014,134,'depot'),(26,2014,137,'cagnes'),(27,2014,137,'cagnes'),(28,2014,137,'cagnes'),(29,2014,137,'cagnes'),(30,2014,137,'cagnes'),(31,2014,137,'cagnes'),(32,2014,137,'cagnes'),(33,2014,137,'cagnes'),(34,2014,137,'cagnes'),(35,2014,137,'cagnes'),(36,2014,137,'cagnes'),(26,2014,139,'cagnes'),(27,2014,139,'cagnes'),(28,2014,139,'cagnes'),(29,2014,139,'cagnes'),(30,2014,139,'cagnes'),(31,2014,139,'cagnes'),(32,2014,139,'cagnes'),(33,2014,139,'cagnes'),(34,2014,139,'cagnes'),(35,2014,139,'cagnes'),(36,2014,139,'cagnes'),(26,2014,140,'cagnes'),(27,2014,140,'cagnes'),(28,2014,140,'cagnes'),(29,2014,140,'cagnes'),(30,2014,140,'cagnes'),(31,2014,140,'cagnes'),(32,2014,140,'cagnes'),(33,2014,140,'cagnes'),(34,2014,140,'cagnes'),(35,2014,140,'cagnes'),(36,2014,140,'cagnes'),(26,2014,142,'cagnes'),(27,2014,142,'cagnes'),(28,2014,142,'cagnes'),(29,2014,142,'cagnes'),(30,2014,142,'cagnes'),(31,2014,142,'cagnes'),(32,2014,142,'cagnes'),(33,2014,142,'cagnes'),(34,2014,142,'cagnes'),(35,2014,142,'cagnes'),(36,2014,142,'cagnes'),(26,2014,143,'depot'),(27,2014,143,'depot'),(28,2014,143,'depot'),(29,2014,143,'depot'),(30,2014,143,'depot'),(31,2014,143,'depot'),(32,2014,143,'depot'),(33,2014,143,'depot'),(34,2014,143,'depot'),(35,2014,143,'depot'),(36,2014,143,'depot'),(26,2014,145,'cagnes'),(27,2014,145,'cagnes'),(28,2014,145,'cagnes'),(29,2014,145,'cagnes'),(30,2014,145,'cagnes'),(31,2014,145,'cagnes'),(32,2014,145,'cagnes'),(33,2014,145,'cagnes'),(34,2014,145,'cagnes'),(35,2014,145,'cagnes'),(36,2014,145,'cagnes'),(26,2014,146,'cagnes'),(27,2014,146,'cagnes'),(28,2014,146,'cagnes'),(29,2014,146,'cagnes'),(30,2014,146,'cagnes'),(31,2014,146,'cagnes'),(32,2014,146,'cagnes'),(33,2014,146,'cagnes'),(34,2014,146,'cagnes'),(35,2014,146,'cagnes'),(36,2014,146,'cagnes'),(35,2014,148,'congés'),(36,2014,148,'congés'),(26,2014,149,'cagnes'),(27,2014,149,'cagnes'),(28,2014,149,'cagnes'),(29,2014,149,'cagnes'),(30,2014,149,'cagnes'),(31,2014,149,'cagnes'),(32,2014,149,'cagnes'),(33,2014,149,'cagnes'),(34,2014,149,'cagnes'),(35,2014,149,'cagnes'),(36,2014,149,'cagnes'),(26,2014,151,'dépot'),(27,2014,151,'dépot'),(28,2014,151,'dépot'),(29,2014,151,'dépot'),(30,2014,151,'dépot'),(31,2014,151,'dépot'),(32,2014,151,'dépot'),(33,2014,151,'dépot'),(34,2014,151,'dépot'),(35,2014,151,'dépot'),(36,2014,151,'dépot'),(26,2014,153,'cagnes'),(27,2014,153,'cagnes'),(28,2014,153,'cagnes'),(29,2014,153,'cagnes'),(30,2014,153,'cagnes'),(31,2014,153,'cagnes'),(32,2014,153,'cagnes'),(33,2014,153,'cagnes'),(34,2014,153,'cagnes'),(35,2014,153,'cagnes'),(36,2014,153,'cagnes'),(26,2014,154,'Maladie / AT'),(27,2014,154,'Maladie / AT'),(28,2014,154,'Maladie / AT'),(29,2014,154,'Maladie / AT'),(30,2014,154,'Maladie / AT'),(31,2014,154,'Maladie / AT'),(32,2014,154,'Maladie / AT'),(33,2014,154,'Maladie / AT'),(34,2014,154,'Maladie / AT'),(35,2014,154,'Maladie / AT'),(36,2014,154,'Maladie / AT'),(26,2014,156,'depot'),(27,2014,156,'depot'),(28,2014,156,'depot'),(29,2014,156,'depot'),(30,2014,156,'depot'),(31,2014,156,'depot'),(32,2014,156,'depot'),(33,2014,156,'depot'),(34,2014,156,'depot'),(35,2014,156,'depot'),(36,2014,156,'depot'),(26,2014,157,'cagnes'),(27,2014,157,'cagnes'),(28,2014,157,'cagnes'),(29,2014,157,'cagnes'),(30,2014,157,'cagnes'),(31,2014,157,'cagnes'),(32,2014,157,'cagnes'),(33,2014,157,'cagnes'),(34,2014,157,'cagnes'),(35,2014,157,'cagnes'),(36,2014,157,'cagnes'),(26,2014,158,'depot'),(27,2014,158,'depot'),(28,2014,158,'depot'),(29,2014,158,'depot'),(30,2014,158,'depot'),(31,2014,158,'depot'),(32,2014,158,'depot'),(33,2014,158,'depot'),(34,2014,158,'depot'),(35,2014,158,'depot'),(36,2014,158,'depot'),(26,2014,160,'cagnes'),(27,2014,160,'cagnes'),(28,2014,160,'cagnes'),(29,2014,160,'cagnes'),(30,2014,160,'cagnes'),(31,2014,160,'cagnes'),(32,2014,160,'cagnes'),(33,2014,160,'cagnes'),(34,2014,160,'cagnes'),(35,2014,160,'cagnes'),(36,2014,160,'cagnes'),(26,2014,161,'cagnes'),(27,2014,161,'cagnes'),(28,2014,161,'cagnes'),(29,2014,161,'cagnes'),(30,2014,161,'cagnes'),(31,2014,161,'cagnes'),(32,2014,161,'cagnes'),(33,2014,161,'cagnes'),(34,2014,161,'cagnes'),(35,2014,161,'cagnes'),(36,2014,161,'cagnes'),(26,2014,163,'cagnes'),(27,2014,163,'cagnes'),(28,2014,163,'cagnes'),(29,2014,163,'cagnes'),(30,2014,163,'cagnes'),(31,2014,163,'cagnes'),(32,2014,163,'cagnes'),(33,2014,163,'cagnes'),(34,2014,163,'cagnes'),(35,2014,163,'cagnes'),(36,2014,163,'cagnes'),(26,2014,164,'cagnes'),(27,2014,164,'cagnes'),(28,2014,164,'cagnes'),(29,2014,164,'cagnes'),(30,2014,164,'cagnes'),(31,2014,164,'cagnes'),(32,2014,164,'cagnes'),(33,2014,164,'cagnes'),(34,2014,164,'cagnes'),(35,2014,164,'cagnes'),(36,2014,164,'cagnes'),(26,2014,165,'cagnes'),(27,2014,165,'cagnes'),(28,2014,165,'cagnes'),(29,2014,165,'cagnes'),(30,2014,165,'cagnes'),(31,2014,165,'cagnes'),(32,2014,165,'cagnes'),(33,2014,165,'cagnes'),(34,2014,165,'cagnes'),(35,2014,165,'cagnes'),(36,2014,165,'cagnes'),(26,2014,171,'depot'),(27,2014,171,'depot'),(28,2014,171,'depot'),(29,2014,171,'depot'),(30,2014,171,'depot'),(31,2014,171,'depot'),(32,2014,171,'depot'),(33,2014,171,'depot'),(34,2014,171,'depot'),(35,2014,171,'depot'),(36,2014,171,'depot'),(26,2014,172,'cagnes'),(27,2014,172,'cagnes'),(28,2014,172,'cagnes'),(29,2014,172,'cagnes'),(30,2014,172,'cagnes'),(31,2014,172,'cagnes'),(32,2014,172,'cagnes'),(33,2014,172,'cagnes'),(34,2014,172,'cagnes'),(35,2014,172,'cagnes'),(36,2014,172,'cagnes'),(26,2014,173,'cagnes'),(27,2014,173,'cagnes'),(28,2014,173,'cagnes'),(29,2014,173,'cagnes'),(30,2014,173,'cagnes'),(31,2014,173,'cagnes'),(32,2014,173,'cagnes'),(33,2014,173,'cagnes'),(34,2014,173,'cagnes'),(35,2014,173,'cagnes'),(36,2014,173,'cagnes'),(26,2014,174,'cagnes'),(27,2014,174,'cagnes'),(28,2014,174,'cagnes'),(29,2014,174,'cagnes'),(30,2014,174,'cagnes'),(31,2014,174,'cagnes'),(32,2014,174,'cagnes'),(33,2014,174,'cagnes'),(34,2014,174,'cagnes'),(35,2014,174,'cagnes'),(36,2014,174,'cagnes'),(26,2014,176,'cagnes'),(27,2014,176,'cagnes'),(28,2014,176,'cagnes'),(29,2014,176,'cagnes'),(30,2014,176,'cagnes'),(31,2014,176,'cagnes'),(32,2014,176,'cagnes'),(33,2014,176,'cagnes'),(34,2014,176,'cagnes'),(35,2014,176,'cagnes'),(36,2014,176,'cagnes'),(26,2014,178,'cagnes'),(27,2014,178,'cagnes'),(28,2014,178,'cagnes'),(29,2014,178,'cagnes'),(30,2014,178,'cagnes'),(31,2014,178,'cagnes'),(32,2014,178,'cagnes'),(33,2014,178,'cagnes'),(34,2014,178,'cagnes'),(35,2014,178,'cagnes'),(36,2014,178,'cagnes'),(26,2014,179,'Maladie / AT'),(27,2014,179,'Maladie / AT'),(28,2014,179,'Maladie / AT'),(29,2014,179,'Maladie / AT'),(30,2014,179,'Maladie / AT'),(31,2014,179,'Maladie / AT'),(32,2014,179,'Maladie / AT'),(33,2014,179,'Maladie / AT'),(34,2014,179,'Maladie / AT'),(35,2014,179,'Maladie / AT'),(36,2014,179,'Maladie / AT'),(26,2014,183,'cagnes'),(27,2014,183,'cagnes'),(28,2014,183,'cagnes'),(29,2014,183,'cagnes'),(30,2014,183,'cagnes'),(31,2014,183,'cagnes'),(32,2014,183,'cagnes'),(33,2014,183,'cagnes'),(34,2014,183,'cagnes'),(35,2014,183,'cagnes'),(36,2014,183,'cagnes'),(26,2014,184,'depot'),(27,2014,184,'depot'),(28,2014,184,'depot'),(29,2014,184,'depot'),(30,2014,184,'depot'),(31,2014,184,'depot'),(32,2014,184,'depot'),(33,2014,184,'depot'),(34,2014,184,'depot'),(35,2014,184,'depot'),(36,2014,184,'depot'),(26,2014,185,'Maladie / AT'),(27,2014,185,'Maladie / AT'),(28,2014,185,'Maladie / AT'),(29,2014,185,'Maladie / AT'),(30,2014,185,'Maladie / AT'),(31,2014,185,'Maladie / AT'),(32,2014,185,'Maladie / AT'),(33,2014,185,'Maladie / AT'),(34,2014,185,'Maladie / AT'),(35,2014,185,'Maladie / AT'),(36,2014,185,'Maladie / AT'),(26,2014,187,'dépot'),(27,2014,187,'dépot'),(28,2014,187,'dépot'),(29,2014,187,'dépot'),(30,2014,187,'dépot'),(31,2014,187,'dépot'),(32,2014,187,'dépot'),(33,2014,187,'dépot'),(34,2014,187,'dépot'),(35,2014,187,'dépot'),(36,2014,187,'dépot'),(26,2014,188,'cagnes'),(27,2014,188,'cagnes'),(28,2014,188,'cagnes'),(29,2014,188,'cagnes'),(30,2014,188,'cagnes'),(31,2014,188,'cagnes'),(32,2014,188,'cagnes'),(33,2014,188,'cagnes'),(34,2014,188,'cagnes'),(35,2014,188,'cagnes'),(36,2014,188,'cagnes'),(26,2014,197,'Maladie / AT'),(27,2014,197,'Maladie / AT'),(28,2014,197,'Maladie / AT'),(29,2014,197,'Maladie / AT'),(30,2014,197,'Maladie / AT'),(31,2014,197,'Maladie / AT'),(32,2014,197,'Maladie / AT'),(33,2014,197,'Maladie / AT'),(34,2014,197,'Maladie / AT'),(35,2014,197,'Maladie / AT'),(36,2014,197,'Maladie / AT'),(26,2014,198,'depot'),(27,2014,198,'depot'),(28,2014,198,'depot'),(29,2014,198,'depot'),(30,2014,198,'depot'),(31,2014,198,'depot'),(32,2014,198,'depot'),(33,2014,198,'depot'),(34,2014,198,'depot'),(35,2014,198,'depot'),(36,2014,198,'depot'),(26,2014,199,'depot'),(27,2014,199,'depot'),(28,2014,199,'depot'),(29,2014,199,'depot'),(30,2014,199,'depot'),(31,2014,199,'depot'),(32,2014,199,'depot'),(33,2014,199,'depot'),(34,2014,199,'depot'),(35,2014,199,'depot'),(36,2014,199,'depot'),(26,2014,200,'cagnes'),(27,2014,200,'cagnes'),(28,2014,200,'cagnes'),(29,2014,200,'cagnes'),(30,2014,200,'cagnes'),(31,2014,200,'cagnes'),(32,2014,200,'cagnes'),(33,2014,200,'cagnes'),(34,2014,200,'cagnes'),(35,2014,200,'cagnes'),(36,2014,200,'cagnes'),(26,2014,201,'Maladie / AT'),(27,2014,201,'Maladie / AT'),(28,2014,201,'Maladie / AT'),(29,2014,201,'Maladie / AT'),(30,2014,201,'Maladie / AT'),(31,2014,201,'Maladie / AT'),(32,2014,201,'Maladie / AT'),(33,2014,201,'Maladie / AT'),(34,2014,201,'Maladie / AT'),(35,2014,201,'Maladie / AT'),(36,2014,201,'Maladie / AT'),(26,2014,208,'cagnes'),(27,2014,208,'cagnes'),(28,2014,208,'cagnes'),(29,2014,208,'cagnes'),(30,2014,208,'cagnes'),(31,2014,208,'cagnes'),(32,2014,208,'cagnes'),(33,2014,208,'cagnes'),(34,2014,208,'cagnes'),(35,2014,208,'cagnes'),(36,2014,208,'cagnes'),(26,2014,209,'depot'),(27,2014,209,'depot'),(28,2014,209,'depot'),(29,2014,209,'depot'),(30,2014,209,'depot'),(31,2014,209,'depot'),(32,2014,209,'depot'),(33,2014,209,'depot'),(34,2014,209,'depot'),(35,2014,209,'depot'),(36,2014,209,'depot'),(26,2014,210,'cagnes'),(27,2014,210,'cagnes'),(28,2014,210,'cagnes'),(29,2014,210,'cagnes'),(30,2014,210,'cagnes'),(31,2014,210,'cagnes'),(32,2014,210,'cagnes'),(33,2014,210,'cagnes'),(34,2014,210,'cagnes'),(35,2014,210,'cagnes'),(36,2014,210,'cagnes'),(26,2014,211,'depot'),(27,2014,211,'depot'),(28,2014,211,'depot'),(29,2014,211,'depot'),(30,2014,211,'depot'),(31,2014,211,'depot'),(32,2014,211,'depot'),(33,2014,211,'depot'),(34,2014,211,'depot'),(35,2014,211,'depot'),(36,2014,211,'depot'),(26,2014,213,'cagnes'),(27,2014,213,'cagnes'),(28,2014,213,'cagnes'),(29,2014,213,'cagnes'),(30,2014,213,'cagnes'),(31,2014,213,'cagnes'),(32,2014,213,'cagnes'),(33,2014,213,'cagnes'),(34,2014,213,'cagnes'),(35,2014,213,'cagnes'),(36,2014,213,'cagnes'),(26,2014,214,'cagnes'),(27,2014,214,'cagnes'),(28,2014,214,'cagnes'),(29,2014,214,'cagnes'),(30,2014,214,'cagnes'),(31,2014,214,'cagnes'),(32,2014,214,'cagnes'),(33,2014,214,'cagnes'),(34,2014,214,'cagnes'),(35,2014,214,'cagnes'),(36,2014,214,'cagnes'),(26,2014,215,'cagnes'),(27,2014,215,'cagnes'),(28,2014,215,'cagnes'),(29,2014,215,'cagnes'),(30,2014,215,'cagnes'),(31,2014,215,'cagnes'),(32,2014,215,'cagnes'),(33,2014,215,'cagnes'),(34,2014,215,'cagnes'),(35,2014,215,'cagnes'),(36,2014,215,'cagnes'),(26,2014,216,'cagnes'),(27,2014,216,'cagnes'),(28,2014,216,'cagnes'),(29,2014,216,'cagnes'),(30,2014,216,'cagnes'),(31,2014,216,'cagnes'),(32,2014,216,'cagnes'),(33,2014,216,'cagnes'),(34,2014,216,'cagnes'),(35,2014,216,'cagnes'),(36,2014,216,'cagnes'),(26,2014,218,'cagnes'),(27,2014,218,'cagnes'),(28,2014,218,'cagnes'),(29,2014,218,'cagnes'),(30,2014,218,'cagnes'),(31,2014,218,'cagnes'),(32,2014,218,'cagnes'),(33,2014,218,'cagnes'),(34,2014,218,'cagnes'),(35,2014,218,'cagnes'),(36,2014,218,'cagnes'),(26,2014,219,'cagnes'),(27,2014,219,'cagnes'),(28,2014,219,'cagnes'),(29,2014,219,'cagnes'),(30,2014,219,'cagnes'),(31,2014,219,'cagnes'),(32,2014,219,'cagnes'),(33,2014,219,'cagnes'),(34,2014,219,'cagnes'),(35,2014,219,'cagnes'),(36,2014,219,'cagnes'),(26,2014,227,'depot'),(27,2014,227,'depot'),(28,2014,227,'depot'),(29,2014,227,'depot'),(30,2014,227,'depot'),(31,2014,227,'depot'),(32,2014,227,'depot'),(33,2014,227,'depot'),(34,2014,227,'depot'),(35,2014,227,'depot'),(36,2014,227,'depot'),(26,2014,232,'dépot'),(27,2014,232,'dépot'),(28,2014,232,'dépot'),(29,2014,232,'dépot'),(30,2014,232,'dépot'),(31,2014,232,'dépot'),(32,2014,232,'dépot'),(33,2014,232,'dépot'),(34,2014,232,'dépot'),(35,2014,232,'dépot'),(36,2014,232,'dépot'),(26,2014,239,'depot'),(27,2014,239,'depot'),(28,2014,239,'depot'),(29,2014,239,'depot'),(30,2014,239,'depot'),(31,2014,239,'depot'),(32,2014,239,'depot'),(33,2014,239,'depot'),(34,2014,239,'depot'),(35,2014,239,'depot'),(36,2014,239,'depot'),(26,2014,248,'Maladie / AT'),(27,2014,248,'Maladie / AT'),(28,2014,248,'Maladie / AT'),(29,2014,248,'Maladie / AT'),(30,2014,248,'Maladie / AT'),(31,2014,248,'Maladie / AT'),(32,2014,248,'Maladie / AT'),(33,2014,248,'Maladie / AT'),(34,2014,248,'Maladie / AT'),(35,2014,248,'Maladie / AT'),(36,2014,248,'Maladie / AT'),(26,2014,253,'depot'),(27,2014,253,'depot'),(28,2014,253,'depot'),(29,2014,253,'depot'),(30,2014,253,'depot'),(31,2014,253,'depot'),(32,2014,253,'depot'),(33,2014,253,'depot'),(34,2014,253,'depot'),(35,2014,253,'depot'),(36,2014,253,'depot'),(26,2014,255,'depot'),(27,2014,255,'depot'),(28,2014,255,'depot'),(29,2014,255,'depot'),(30,2014,255,'depot'),(31,2014,255,'depot'),(32,2014,255,'depot'),(33,2014,255,'depot'),(34,2014,255,'depot'),(35,2014,255,'depot'),(36,2014,255,'depot'),(26,2014,260,'cagnes'),(27,2014,260,'cagnes'),(28,2014,260,'cagnes'),(29,2014,260,'cagnes'),(30,2014,260,'cagnes'),(31,2014,260,'cagnes'),(32,2014,260,'cagnes'),(33,2014,260,'cagnes'),(34,2014,260,'cagnes'),(35,2014,260,'cagnes'),(36,2014,260,'cagnes'),(26,2014,262,'cagnes'),(27,2014,262,'cagnes'),(28,2014,262,'cagnes'),(29,2014,262,'cagnes'),(30,2014,262,'cagnes'),(31,2014,262,'cagnes'),(32,2014,262,'cagnes'),(33,2014,262,'cagnes'),(34,2014,262,'cagnes'),(35,2014,262,'cagnes'),(36,2014,262,'cagnes');
/*!40000 ALTER TABLE `UNAVAILABILITY` ENABLE KEYS */;
UNLOCK TABLES;

--
-- Table structure for table `WORKER`
--

DROP TABLE IF EXISTS `WORKER`;
/*!40101 SET @saved_cs_client     = @@character_set_client */;
/*!40101 SET character_set_client = utf8 */;
CREATE TABLE `WORKER` (
  `ID` int(10) unsigned NOT NULL AUTO_INCREMENT,
  `NAME` varchar(30) NOT NULL,
  `FIRST_NAME` varchar(30) NOT NULL,
  `BIRTHDATE` date NOT NULL,
  `LICENCE` varchar(30) DEFAULT NULL,
  `ID_POSITION` int(10) unsigned NOT NULL,
  `ID_QUALIFICATION` int(10) unsigned NOT NULL,
  `ID_CRAFT` int(10) unsigned NOT NULL,
  PRIMARY KEY (`ID`),
  KEY `FK_WORKER_ID_QUALIFICATION` (`ID_QUALIFICATION`),
  KEY `FK_WORKER_ID_CRAFT` (`ID_CRAFT`),
  KEY `FK_WORKER_ID_POSITION` (`ID_POSITION`),
  CONSTRAINT `FK_WORKER_ID_CRAFT` FOREIGN KEY (`ID_CRAFT`) REFERENCES `CRAFT` (`ID`),
  CONSTRAINT `FK_WORKER_ID_POSITION` FOREIGN KEY (`ID_POSITION`) REFERENCES `POSITION` (`ID`),
  CONSTRAINT `FK_WORKER_ID_QUALIFICATION` FOREIGN KEY (`ID_QUALIFICATION`) REFERENCES `QUALIFICATION` (`ID`)
) ENGINE=InnoDB AUTO_INCREMENT=280 DEFAULT CHARSET=utf8;
/*!40101 SET character_set_client = @saved_cs_client */;

--
-- Dumping data for table `WORKER`
--

LOCK TABLES `WORKER` WRITE;
/*!40000 ALTER TABLE `WORKER` DISABLE KEYS */;
INSERT INTO `WORKER` VALUES (1,'BALARD','OLIVIER','1982-02-09','',539,1,1),(2,'BARBIER','PHILIPPE','1971-10-06','',540,5,2),(3,'BLAIN','FRANCK','1973-05-18','',541,1,1),(4,'BOURBON','WILLEM','1984-04-29','',542,5,2),(5,'BRANDILY','PATRICK','1967-10-05','',543,2,10),(6,'CHARNI','SAMIR','1974-12-01','',544,1,3),(7,'CHARRON','DIDIER','1956-04-25','',545,3,2),(8,'CHASSARD','DOMINIQUE','1971-09-12','',546,1,1),(9,'CHAUVEL','JEAN-YVES','1962-04-19','',547,2,2),(10,'CHEVAL','YVES','1952-07-04','',548,3,4),(11,'CREUSILLET','DIDIER','1962-07-20','',549,3,2),(12,'DE ARAUJO MARTINS','ANTONIO','1949-04-07','',550,2,10),(13,'DE ARAUJO MARTINS','JERONIMO','1952-05-21','',551,1,1),(14,'DE RIGAL','ALAIN','1962-02-14','',552,2,10),(15,'DELANNEE','ERIC','1976-01-29','',553,2,10),(16,'DEMOY','ERIC','1961-02-20','',554,1,1),(17,'DENIER','BENOIT','1965-09-24','',555,2,2),(18,'DENIER','JEAN-LUC','1963-11-23','',556,6,2),(19,'DREANO','BRUNO','1971-08-09','',557,3,2),(20,'DUMETIER','PIERRE','1961-07-12','',558,4,5),(21,'FARCY','CLAUDE','1954-07-15','',559,6,7),(22,'FEVRIER','GILBERT','1965-05-22','',560,1,1),(23,'FOURNIER','SEBASTIEN','1977-09-17','',561,3,2),(24,'GARNIER','JOEL','1957-09-22','',562,1,1),(25,'GICQUEL','PHILIPPE','1973-02-21','',563,5,6),(26,'GICQUEL','STEPHANE','1971-06-04','',564,1,1),(27,'GUIHARD','PHILIPPE','1968-11-22','',565,4,8),(28,'GUILLAS','MICHEL','1956-04-28','',566,4,2),(29,'GUILLEMAIN','ALAIN','1984-08-07','',567,4,2),(30,'HAIGRON','DOMINIQUE','1966-06-25','',568,5,2),(31,'HAIGRON','VALERY','1977-10-09','',569,4,2),(32,'HEREAU','EMILE','1965-08-08','',570,2,10),(33,'HOROWSKI','JEAN-PAUL','1960-09-22','',571,6,9),(34,'HOUSSIN','PHILIPPE','1964-02-25','',572,1,1),(35,'JARY','PIERRE','1955-09-23','',573,2,10),(36,'JAUNATRE','SEBASTIEN','1982-10-23','',574,2,10),(37,'JOLY','HENRI','1961-05-24','',575,4,9),(38,'JOSSELIN','ARSENE','1953-08-08','',576,4,11),(39,'JUTEL','ERIC','1972-03-19','',577,5,2),(40,'LE CLAIR','LOIC','1974-03-11','',578,1,1),(41,'LE FOURNIS','WILLIAM','1981-03-15','',579,5,12),(42,'LEBLOND','FRANCK','1971-06-18','',580,5,2),(43,'LECA','CHRISTIAN','1969-12-28','',581,2,2),(44,'LEGENDRE','MARC','1955-06-04','',582,4,12),(45,'LEGRAND','ALAIN','1966-07-07','',583,6,2),(46,'LERAY','JEAN-CLAUDE','1966-01-31','',584,3,2),(47,'LESOUEF','ALAIN','1974-05-07','',585,3,2),(48,'LEVILLOUX','MICHEL','1962-04-23','',586,5,2),(49,'M\'BARKI','ABDERRAHMAN','1955-01-01','',587,2,2),(50,'MARCHAND','SYLVAIN','1984-04-14','',588,6,12),(51,'MARTIN','LOICK','1961-05-11','',589,4,11),(52,'MEHEUT','GWENAEL','1969-11-20','',590,1,1),(53,'MOHAMED','CYRILLE','1986-06-12','',591,3,2),(54,'MORLIER','THIERRY','1974-05-09','',592,1,1),(55,'NICOLAS','DANIEL','1962-06-24','',593,6,2),(56,'NOBLET','YVES','1967-09-15','',594,4,8),(57,'NOGUES','JEAN-CLAUDE FERNAND','1954-11-04','',595,3,2),(58,'OLIVIER','PASCAL','1970-03-07','',596,4,2),(59,'OLIVON','JEAN-MICHEL','1985-11-21','',597,3,2),(60,'PAILLARD','GILLES','1968-11-05','',598,1,1),(61,'PENUIZIC','RENE','1954-09-30','',599,3,10),(62,'PEREIRA','MANUEL','1981-07-30','',600,3,4),(63,'PERRICHOT','ERIC','1961-08-15','',601,3,4),(64,'PIEL','JEAN','1986-03-08','',602,4,2),(65,'PIEL','PASCAL','1984-07-29','',603,4,2),(66,'POIRIER','JACKY','1959-02-19','',604,2,2),(67,'QUELLEUX','SAMUEL','1983-06-04','',605,3,12),(68,'RACAPE','LOIC','1960-02-08','',606,3,2),(69,'RIALAIN','XAVIER','1973-12-16','',607,3,8),(70,'RIHET','FRANCK','1981-11-04','',608,2,2),(71,'RIMBAUD','FABRICE','1974-12-30','',609,5,2),(72,'ROSSI','ANTOINE','1962-09-03','',610,4,2),(73,'ROUXEL','DIDIER','1968-12-11','',611,4,2),(74,'ROUXEL','PAUL','1958-08-13','',612,4,2),(75,'SALUZZO','RAYMOND','1955-09-14','',613,2,10),(76,'SEDDIK','JEAN-PAUL','1959-11-08','',614,3,8),(77,'SERALINE','FELIX','1954-06-27','',615,3,9),(78,'SEVESTRE','JEROME','1973-05-30','',616,4,2),(79,'TARDIF','MICHEL','1959-01-15','',617,4,2),(80,'THAUMOUX','DOMINIQUE','1953-09-04','',618,1,1),(81,'THIBAULT','ANDRE','1956-06-13','',619,4,2),(82,'THOMAS','GERARD','1964-01-26','',620,3,4),(83,'TORRES MARQUES','EDOUARDO JORGE','1961-05-27','',621,2,2),(84,'YURTDAS','SEYFI','1959-12-11','',622,5,2),(85,'AGBA','LUDOVIC','1968-09-28','',623,6,2),(86,'ROCHER','ANTHONY','1976-02-25','',624,2,10),(87,'BLINO','LOIC','1963-01-20','',625,4,2),(88,'CHEDALEUX','HUBERT','1957-09-08','',626,5,11),(89,'VAKALEPU','OTONE','1977-09-28','',627,3,2),(90,'MARVIE','DAMIEN','1983-06-08','',628,4,2),(91,'POURIAIS','JOACHIM','1985-08-07','',629,4,2),(92,'LE MEVEL','ERIC','1966-10-04','',630,3,8),(93,'GUERIN','JEAN PIERRE','1968-10-16','',631,4,11),(94,'THEBAULT','FREDDY','1981-07-02','',632,4,2),(95,'LOUVION','DANY','1980-11-23','',633,1,1),(96,'RICHARD','DIDIER','1963-07-19','',634,6,2),(97,'POULLAIN','LUDOVIC','1976-12-30','',635,5,2),(98,'CHOVEAUX','LAURENT','1971-05-03','',636,6,2),(99,'TUAULA','PETELO','1981-11-09','',637,5,2),(100,'ROLLAIS','DOMINIQUE','1960-02-27','',638,4,9),(101,'JOUSSEAUME','MICKAEL','1972-11-26','',639,4,2),(102,'BOUJA','LAHOUSSINE','1974-01-10','',640,5,2),(103,'PELO','JEAN YVES','1967-12-27','',641,5,2),(104,'GILLET','RONAN','1970-05-19','',642,4,7),(105,'CHEVALIER','DOMINIQUE','1958-07-29','',643,5,7),(106,'CARREE','THIERRY','1968-11-03','',644,3,2),(107,'BERTHIER','EMMANUEL','1986-02-10','',645,5,2),(108,'TESSIER','GWENAEL','1983-11-21','',646,1,1),(109,'MALONGA MEHIVANGA','ALAIN','1976-09-03','',647,5,2),(110,'TUPUOLA','FRANCOIS','1982-01-13','',648,5,2),(111,'ROBERT','BRUNO','1968-10-08','',649,4,2),(112,'LEPEINTRE','JEROME','1984-03-02','',650,4,2),(113,'DIFFON','STANISLAS','1984-12-19','',651,5,2),(114,'FOUCHER','ARNAUD','1985-12-23','',652,1,1),(115,'AW','AMADOU','1964-12-31','',653,6,6),(116,'LAVOLLEE','MICHEL','1959-10-30','',654,6,2),(117,'SOCHON','NOEL','1964-12-18','',655,4,2),(118,'PAIVA GUEDES','FRANCISCO JOSE','1963-04-01','',656,4,2),(119,'LEBLANC','JEROME','1975-10-24','',657,5,9),(120,'TROVALET','ERIC','1970-08-27','',658,4,2),(121,'LEGAUD','KOFFI','1984-03-02','',659,5,12),(122,'NION','GUILLAUME','1986-07-25','',660,5,12),(123,'GUILLOTIN','RONAN','1984-09-03','',661,6,7),(124,'ISMA','Wildert','1966-08-15','',662,4,2),(125,'ESSEMILAIRE','MATHIEU','1987-02-02','',663,3,10),(126,'GROSSET','MARVIN','1990-04-16','',664,5,2),(127,'CANDY','RODRIGUE','1983-04-06','',665,5,9),(128,'HAMADA','MDALLAH','1964-01-01','',666,6,9),(129,'ABDAR','ALI SALIMOU','1984-04-28','',667,5,2),(130,'DURANT','BRETT','1983-08-08','',668,5,2),(131,'DUVAL','BRUNO','1967-08-29','',669,3,10),(132,'ROBIN','GILLES','1978-02-03','',670,2,10),(133,'LESAGE','NICOLAS','1986-06-17','',671,4,2),(134,'GLO','CEDRIC','1984-08-23','',672,5,18),(135,'EDOUARD','DANIEL','1967-04-12','',673,4,9),(136,'ANGELICO','MARIO JORGE','1966-05-28','',674,5,2),(137,'LOISON','NICOLAS','1984-06-28','',675,6,2),(138,'SALIGA','JUAN CHARLOS','1982-11-12','',676,8,4),(139,'TIZLI','AHMED','1981-11-19','',677,6,2),(140,'DO CARMO LIMA','ARMINDO ANTONIO','1950-12-03','',678,4,2),(141,'LOPES DO CARMO LIMA','HELDER FILIPE','1982-11-04','',679,5,2),(142,'LESAICHERRE','MATHIEU','1988-01-12','',680,1,1),(143,'FOUCAULT','YANNICK','1965-12-15','',681,4,8),(144,'COURTEL','LOIC','1973-12-02','',682,8,7),(145,'DEMOY','JEREMY','1988-07-20','',683,5,2),(146,'CHARTON','FLORIAN','1988-06-18','',684,1,1),(147,'DANION','KEVIN','1992-08-08','',685,5,3),(148,'LE BECHEC','SYLVAIN','1981-01-11','',686,4,2),(149,'GAGEOT','ANTHONY','1986-05-18','',687,3,2),(150,'TUPUOLA','SOANE','1983-12-23','',688,8,2),(151,'RIVAULT','MAXIME','1990-03-14','',689,5,7),(152,'INIZAN','ERWAN','1986-06-27','',690,5,2),(153,'LANOE','DAVID','1981-02-18','',691,3,2),(154,'DAUVE','PHILIPPE','1969-04-09','',692,5,4),(155,'NAEL','DAVID','1976-07-23','',693,2,10),(156,'DIOME','BAMBA','1979-09-05','',694,6,7),(157,'CAILLIEREZ','MATHIEU','1993-06-15','',695,5,2),(158,'GICQUEL','YVONNICK','1988-07-06','',696,5,7),(159,'HAMERY','CHRISTOPHE','1987-04-04','',697,5,2),(160,'PELE','FLORENT','1989-02-08','',698,1,1),(161,'HAMON JACQUEMIN','BENJAMIN','1992-07-17','',699,5,3),(162,'MAZAMPIRY LEBOWARY','ALAIN','1978-12-25','',700,6,2),(163,'MOULIN','JOEL','1957-08-10','',701,2,2),(164,'HERVIAULT','MAXIME','1989-05-15','',702,5,2),(165,'HERVIAULT','DAVID','1986-11-03','',703,3,2),(166,'SELENI','JONES','1975-08-16','',704,6,6),(167,'PINA FERREIRA','FERNANDO','1957-02-06','',705,4,2),(168,'ALLOUI','REMI','1976-01-11','',706,1,1),(169,'ARTUR','JULIEN','1989-03-29','',707,6,6),(170,'BOUHAMLA','SEBASTIEN','1981-11-13','',708,6,6),(171,'HAQUIN','KEVIN','1989-02-09','',709,6,7),(172,'PESRIN','LUDOVIC','1987-11-15','',710,4,2),(173,'BAROTIN','CEDRIC','1987-08-28','',711,1,1),(174,'DUCLOS','ADRIEN','1991-05-04','',712,1,1),(175,'VASLIN','GEOFFREY','1986-01-03','',713,5,8),(176,'DE LANZAC DE MONTLOGIS','MAXIME','1987-10-23','',714,4,6),(177,'BOUGOT','THOMAS','1987-10-19','',715,6,6),(178,'CLEMENT','REMI','1990-02-19','',716,5,3),(179,'BAMODOD','ABDELLAH','1970-01-01','',717,4,4),(180,'LUISETTI','LEO','1990-04-20','',718,6,6),(181,'Maachouk','Stephane','1976-01-11','',719,6,9),(182,'MAIA RAMOS','MANUEL ANTONIO','1980-02-19','',720,4,6),(183,'MAIA RAMOS','SERGIO','1974-02-08','',721,4,2),(184,'MARQUES MAGALHAES','JOSE','1966-05-22','',722,2,19),(185,'PATEA','TAVITE','1981-01-03','',723,4,6),(186,'PEREIRA TAVARES','ANTONIO','1961-03-30','',724,3,2),(187,'PRIOUL','PHILIPPE','1962-01-05','',725,5,2),(188,'SIMON','VINCENT','1986-03-30','',726,3,10),(189,'TIREL','BRUNO','1967-08-07','',727,4,2),(190,'YOU','THEN','1980-12-30','',728,5,6),(191,'ABDULAHI','IBRAHIM','1967-10-20','',729,6,6),(192,'ALI','IBRAHIM','1988-07-12','',730,5,2),(193,'ALMEIDA ANDRADE','ANTONIO AUGUSTO','1962-01-05','',731,2,6),(194,'CALDERON','PAUL','1971-08-27','',732,5,3),(195,'CHOTARD','GERMAIN','1974-09-12','',733,6,6),(196,'COSTA DE MAGALHAES','LUIS MIGUEL','1967-09-11','',734,2,9),(197,'DEBOS','DIDIER','1958-10-14','',735,3,6),(198,'DEGAUCHY','ALAIN','1957-02-13','',736,4,19),(199,'EL KIMAOUI','ABDELKADER','1962-10-11','',737,7,18),(200,'FILLEUL','NOAM','1979-01-01','',738,3,2),(201,'FOUILLEE','MARCEL','1962-03-31','',739,1,1),(202,'FRIGUEL','AURELIEN','1987-03-25','',740,6,6),(203,'GUERIN','FREDERIC','1985-06-05','',741,5,8),(204,'GUGUEN','CHRISTIAN','1958-08-11','',742,2,2),(205,'HEUZE','LOIC','1968-09-15','',743,4,6),(206,'JOUAN','SEBASTIEN','1985-05-27','',744,1,1),(207,'LEROY','ALMIRE','1981-12-02','',745,3,12),(208,'LESENECHAL','BRUNO','1978-06-25','',746,1,1),(209,'CHEVALIER','ISABELLE','1965-12-22','',747,7,7),(210,'HERVIAULT','ALEXANDRE','1995-01-06','',748,8,9),(211,'JOURDAN','FREDERIC','1985-10-03','',749,5,11),(212,'NIULIKI','MIKAELE','1987-07-17','',750,6,6),(213,'LE QUELLEC','YANN','1992-05-23','',751,1,1),(214,'MONTESTRUCQ','EDOUARD','1989-05-13','',752,6,6),(215,'KNIS','MAROUANE','1980-08-10','',753,3,12),(216,'RUZIBIZA','RICHARD','1981-06-26','',754,6,6),(217,'TESFANKAEL','ANDREAS','1984-04-03','',755,6,6),(218,'FULUTUI','SIMONE','1984-05-13','',756,6,6),(219,'LOUAZEL','YOHANN','1984-10-03','',757,6,6),(220,'BROUSSARD','THIERRY','1968-02-04','',758,7,2),(221,'CARDOSO CORREIA','ANTONIO','1981-04-22','',759,2,10),(222,'GUILHON','RICHARD','1958-09-08','',760,2,20),(223,'HERPIN','PATRICK','1956-02-08','',761,2,10),(224,'CAULAN','DOMINIQUE','1954-10-12','',762,5,2),(225,'CHALON','FREDERIC','1972-07-14','',763,5,2),(226,'GOGUEY','LUC','1975-02-28','',764,5,13),(227,'GRANDIAU','GILBERT','1958-12-16','',765,5,8),(228,'MONFORT','STACEY','1983-09-19','',766,5,2),(229,'PICAUD','MICHEL','1967-11-25','',767,5,8),(230,'ROUX','YVES','1963-05-22','',768,5,2),(231,'VERJUS','MARTIAL','1977-05-17','',769,5,20),(232,'TCHEREMPEI','VITALI','1959-08-09','',770,5,11),(233,'COURJAL','JEAN-YVES','1961-04-26','',771,4,2),(234,'DIAS','PIERRE','1970-06-19','',772,4,2),(235,'DJENID','KADDOUR','1970-11-01','',773,4,2),(236,'TIRLEMONT','THIERRY','1969-04-28','',774,4,2),(237,'PERRAUD','BRUNO','1966-10-19','',775,3,20),(238,'RUSSON','BERTRAND','1961-06-05','',776,3,20),(239,'JUDIC','RAPHAEL','1988-09-15','',777,7,2),(240,'NOBLET','BENOIT','1991-08-14','',778,5,2),(241,'LEROUX','STEPHANE','1974-01-24','',779,2,13),(242,'ROUSSEAU','LAURENT','1964-09-15','',780,3,1),(243,'THEBAUD','OLIVIER','1962-11-28','',781,2,20),(244,'SARDAIS','THIERRY','1973-06-18','',782,6,2),(245,'LOQUET','YVONNICK','1960-12-28','',783,1,1),(246,'MERCY','JEAN-PIERRE','1971-02-26','',784,1,1),(247,'MERCY','LAURENT','1975-04-10','',785,1,1),(248,'PRIEZ','ANTHONY','1971-02-10','',786,1,1),(249,'WALLET','GUY','1958-10-25','',787,1,1),(250,'KADDOURI','MUSTAPHA','1972-03-23','',788,2,12),(251,'BOUYER','SYLVAIN','1985-04-30','',789,4,20),(252,'CHAUVIN','MARCEL','1953-07-01','',790,1,16),(253,'BOUVET','AURELIEN','1982-04-22','',791,6,7),(254,'SETIANO','EMILE','1978-07-02','',792,6,6),(255,'MICHELIN','JEAN-FRANCOIS','1987-02-24','',793,5,11),(256,'GAUTIER','ALEXANDRE','1992-03-03','',794,1,1),(257,'GRILLON','ALEXANDRE','1994-07-20','',795,8,17),(258,'TUIZER','GREGORY','1974-05-16','',796,5,19),(259,'GUILLOU','CORENTIN','1998-06-12','',797,8,17),(260,'BOURASSEAU','FRANCOIS','1964-12-14','',798,4,2),(261,'BOUFFANT','LOUIS','1993-03-06','',799,1,21),(262,'CAGNARD','KEVIN','1989-10-19','',800,1,1),(263,'MARTINS DO REGO','FRANSISCO','1969-04-21','',801,1,1),(264,'NAKATALA','BERTHIER','1988-09-28','',802,6,6),(265,'BASSET','CHRISTOPHE','1973-10-11','',803,4,12),(266,'SAOUKTI','YOUSSEF','1976-02-13','',804,6,2),(267,'FERRACCI','PASCAL','1987-10-01','',805,5,2),(268,'CHEVALIER','LAURENT','1984-01-15','',806,4,7),(269,'LOZIER','ALAIN','1969-11-28','',807,1,11),(270,'MBARKI','KARLIS','1990-12-03','',808,8,17),(271,'LE TALLEC-D\'HELLIER','RONAN','1995-01-15','',809,8,17),(272,'BAUDET','PIERRE','1992-09-16','',810,1,1),(273,'FERRE','THOMAS','1989-04-19','',811,1,17),(274,'REGNARD','JEAN-MARIE','1971-01-01','',812,4,2),(275,'GOURHAND','JEAN-YVES','1958-10-30','',813,4,2),(276,'RICHOU','STEPHANE','1968-08-31','',814,1,1),(277,'GOURHAND','MICKAEL','1985-10-01','',815,6,2),(278,'SOUMAILA','ABDOUROIOUF','1990-09-22','',816,6,6),(279,'DAAJI','SLAH','1971-04-10','',817,6,6);
/*!40000 ALTER TABLE `WORKER` ENABLE KEYS */;
UNLOCK TABLES;
/*!50003 SET @saved_cs_client      = @@character_set_client */ ;
/*!50003 SET @saved_cs_results     = @@character_set_results */ ;
/*!50003 SET @saved_col_connection = @@collation_connection */ ;
/*!50003 SET character_set_client  = latin1 */ ;
/*!50003 SET character_set_results = latin1 */ ;
/*!50003 SET collation_connection  = latin1_swedish_ci */ ;
/*!50003 SET @saved_sql_mode       = @@sql_mode */ ;
/*!50003 SET sql_mode              = '' */ ;
DELIMITER ;;
/*!50003 CREATE*/ /*!50017 DEFINER=`root`@`localhost`*/ /*!50003 TRIGGER `optraj_bdd`.`POS_WORKER_DELETE`
AFTER DELETE ON `optraj_bdd`.`WORKER`
FOR EACH ROW
DELETE FROM POSITION WHERE ID=old.ID_POSITION */;;
DELIMITER ;
/*!50003 SET sql_mode              = @saved_sql_mode */ ;
/*!50003 SET character_set_client  = @saved_cs_client */ ;
/*!50003 SET character_set_results = @saved_cs_results */ ;
/*!50003 SET collation_connection  = @saved_col_connection */ ;
/*!40103 SET TIME_ZONE=@OLD_TIME_ZONE */;

/*!40101 SET SQL_MODE=@OLD_SQL_MODE */;
/*!40014 SET FOREIGN_KEY_CHECKS=@OLD_FOREIGN_KEY_CHECKS */;
/*!40014 SET UNIQUE_CHECKS=@OLD_UNIQUE_CHECKS */;
/*!40101 SET CHARACTER_SET_CLIENT=@OLD_CHARACTER_SET_CLIENT */;
/*!40101 SET CHARACTER_SET_RESULTS=@OLD_CHARACTER_SET_RESULTS */;
/*!40101 SET COLLATION_CONNECTION=@OLD_COLLATION_CONNECTION */;
/*!40111 SET SQL_NOTES=@OLD_SQL_NOTES */;

-- Dump completed on 2014-06-23 14:50:12
